PDB ID,Chain ID,Structure Title,Rel. Date,Resolution,Classification,Structure MW,Macromol. Type,Residue Count,Crystallization Method,Temp (K),pH Value,Matthews Density,Percent Solvent Content,Crystal Growth Procedure,Sequence
1FQY,A,STRUCTURE OF AQUAPORIN-1 AT 3.8 A RESOLUTION BY ELECTRON CRYSTALLOGRAPHY,2000-10-18,3.8,MEMBRANE PROTEIN,28549.91,Protein,269,Dialysis with continuous flow dialysis machine,298,6,,,"Escherichia coli lipids, magnesium chloride, sodium chloride, MES, pH 6.0, Dialysis with continuous flow dialysis machine, temperature 298K",MASEFKKKLFWRAVVAEFLATTLFVFISIGSALGFKYPVGNNQTAVQDNVKVSLAFGLSIATLAQSVGHISGAHLNPAVTLGLLLSCQISIFRALMYIIAQCVGAIVATAILSGITSSLTGNSLGRNDLADGVNSGQGLGIEIIGTLQLVLCVLATTDRRRRDLGGSAPLAIGLSVALGHLLAIDYTGCGINPARSFGSAVITHNFSNHWIFWVGPFIGGALAVLIYDFILAPRSSDLTDRVKVWTSGQVEEYDLDADDINSRVEMKPK
1H6I,A,A REFINED STRUCTURE OF HUMAN AQUAPORIN 1,2001-12-13,3.54,MEMBRANE PROTEIN,28549.91,Protein,269,,,,,,,MASEFKKKLFWRAVVAEFLATTLFVFISIGSALGFKYPVGNNQTAVQDNVKVSLAFGLSIATLAQSVGHISGAHLNPAVTLGLLLSCQISIFRALMYIIAQCVGAIVATAILSGITSSLTGNSLGRNDLADGVNSGQGLGIEIIGTLQLVLCVLATTDRRRRDLGGSAPLAIGLSVALGHLLAIDYTGCGINPARSFGSAVITHNFSNHWIFWVGPFIGGALAVLIYDFILAPRSSDLTDRVKVWTSGQVEEYDLDADDINSRVEMKPK
1IH5,A,CRYSTAL STRUCTURE OF AQUAPORIN-1,2001-04-25,3.7,MEMBRANE PROTEIN,28549.91,Protein,269,,,,,,,MASEFKKKLFWRAVVAEFLATTLFVFISIGSALGFKYPVGNNQTAVQDNVKVSLAFGLSIATLAQSVGHISGAHLNPAVTLGLLLSCQISIFRALMYIIAQCVGAIVATAILSGITSSLTGNSLGRNDLADGVNSGQGLGIEIIGTLQLVLCVLATTDRRRRDLGGSAPLAIGLSVALGHLLAIDYTGCGINPARSFGSAVITHNFSNHWIFWVGPFIGGALAVLIYDFILAPRSSDLTDRVKVWTSGQVEEYDLDADDINSRVEMKPK
1J4N,A,Crystal Structure of the AQP1 water channel,2002-03-27,2.2,MEMBRANE PROTEIN,29743.56,Protein,271,EVAPORATION,277,7.5,3.41,63.91,"PEG, monomethyl ether 550, Tris-HCl, NG, pH 7.5, EVAPORATION, temperature 277K",MASEFKKKLFWRAVVAEFLAMILFIFISIGSALGFHYPIKSNQTTGAVQDNVKVSLAFGLSIATLAQSVGHISGAHLNPAVTLGLLLSCQISVLRAIMYIIAQCVGAIVATAILSGITSSLPDNSLGLNALAPGVNSGQGLGIEIIGTLQLVLCVLATTDRRRRDLGGSGPLAIGFSVALGHLLAIDYTGCGINPARSFGSSVITHNFQDHWIFWVGPFIGAALAVLIYDFILAPRSSDLTDRVKVWTSGQVEEYDLDADDINSRVEMKPK
1LDA,A,CRYSTAL STRUCTURE OF THE E. COLI GLYCEROL FACILITATOR (GLPF) WITHOUT SUBSTRATE GLYCEROL,2002-05-08,2.8,TRANSPORT PROTEIN,30384.58,Protein,281,"VAPOR DIFFUSION, HANGING DROP",298,9.5,3.58,65.63,"GLPF AT 15-20 MG/ML, 28% (W/V) PEG 2000, 100 MM BICINE pH 9.5, 15 % (V/V) GLYCEROL, 35 MM, N-OCTYL-BETA-D-GLUCOSIDE, MGCL2, 5 MM DTT, pH 9.50, VAPOR DIFFUSION, HANGING DROP, temperature 298.0K",MSQTSTLKGQCIAEFLGTGLLIFFGVGCVAALKVAGASFGQWEISVIWGLGVAMAIYLTAGVSGAHLNPAVTIALWLFACFDKRKVIPFIVSQVAGAFCAAALVYGLYYNLFFDFEQTHHIVRGSVESVDLAGTFSTYPNPHINFVQAFAVEMVITAILMGLILALTDDGNGVPRGPLAPLLIGLLIAVIGASMGPLTGFAMNPARDFGPKVFAWLAGWGNVAFTGGRDIPYFLVPLFGPIVGAIVGAFAYRKLIGRHLPCDICVVEEKETTTPSEQKASL
1LDF,A,"CRYSTAL STRUCTURE OF THE E. COLI GLYCEROL FACILITATOR (GLPF) MUTATION W48F, F200T",2002-05-08,2.1,TRANSPORT PROTEIN,30532.28,Protein,281,"VAPOR DIFFUSION, HANGING DROP",298,9.5,3.66,66.41,"GLPF AT 15-20 MG/ML, 28% (W/V) PEG 2000, 100 MM BICINE pH 9.5, 15 % (V/V) GLYCEROL, 35 MM, N-OCTYL-BETA-D-GLUCOSIDE, MGCL2, 5 MM DTT, pH 9.50, VAPOR DIFFUSION, HANGING DROP, temperature 298K",MSQTSTLKGQCIAEFLGTGLLIFFGVGCVAALKVAGASFGQWEISVIFGLGVAMAIYLTAGVSGAHLNPAVTIALWLFACFDKRKVIPFIVSQVAGAFCAAALVYGLYYNLFFDFEQTHHIVRGSVESVDLAGTFSTYPNPHINFVQAFAVEMVITAILMGLILALTDDGNGVPRGPLAPLLIGLLIAVIGASMGPLTGTAMNPARDFGPKVFAWLAGWGNVAFTGGRDIPYFLVPLFGPIVGAIVGAFAYRKLIGRHLPCDICVVEEKETTTPSEQKASL
1LDI,A,CRYSTAL STRUCTURE OF THE E. COLI GLYCEROL FACILITATOR (GLPF) WITHOUT SUBSTRATE GLYCEROL,2002-05-08,2.7,TRANSPORT PROTEIN,30384.58,Protein,281,"VAPOR DIFFUSION, HANGING DROP",298,9.5,3.56,65.47,"GLPF at 15-20 mg/ml, 100 mM Bicine, 28% (w/v) PEG 2000, 300mM MgCl2, 5 mMDTT, 15 % (v/v) xylose, 35 mM N-octyl-beta-D-glucoside, pH 9.50, VAPOR DIFFUSION, HANGING DROP, temperature 298K",MSQTSTLKGQCIAEFLGTGLLIFFGVGCVAALKVAGASFGQWEISVIWGLGVAMAIYLTAGVSGAHLNPAVTIALWLFACFDKRKVIPFIVSQVAGAFCAAALVYGLYYNLFFDFEQTHHIVRGSVESVDLAGTFSTYPNPHINFVQAFAVEMVITAILMGLILALTDDGNGVPRGPLAPLLIGLLIAVIGASMGPLTGFAMNPARDFGPKVFAWLAGWGNVAFTGGRDIPYFLVPLFGPIVGAIVGAFAYRKLIGRHLPCDICVVEEKETTTPSEQKASL
1RC2,A,2.5 Angstrom Resolution X-ray Structure of Aquaporin Z,2003-11-25,2.5,MEMBRANE PROTEIN,48604.8,Protein,462,"VAPOR DIFFUSION, HANGING DROP",300,6.5,3.71,66.82,"polyethylene glycol, monomethyl ether 2000, 100mM sodium cacodylate, 200mM MgCl2, 4% isopropanol, pH 6.5, VAPOR DIFFUSION, HANGING DROP, temperature 300K",MFRKLAAECFGTFWLVFGGCGSAVLAAGFPELGIGFAGVALAFGLTVLTMAFAVGHISGGHFNPAVTIGLWAGGRFPAKEVVGYVIAQVVGGIVAAALLYLIASGKTGFDAAASGFASNGYGEHSPGGYSMLSALVVELVLSAGFLLVIHGATDKFAPAGFAPIAIGLALTLIHLISIPVTNTSVNPARSTAVAIFQGGWALEQLWFFWVVPIVGGIIGGLIYRTLLEKRD
1RC2,B,2.5 Angstrom Resolution X-ray Structure of Aquaporin Z,2003-11-25,2.5,MEMBRANE PROTEIN,48604.8,Protein,462,"VAPOR DIFFUSION, HANGING DROP",300,6.5,3.71,66.82,"polyethylene glycol, monomethyl ether 2000, 100mM sodium cacodylate, 200mM MgCl2, 4% isopropanol, pH 6.5, VAPOR DIFFUSION, HANGING DROP, temperature 300K",MFRKLAAECFGTFWLVFGGCGSAVLAAGFPELGIGFAGVALAFGLTVLTMAFAVGHISGGHFNPAVTIGLWAGGRFPAKEVVGYVIAQVVGGIVAAALLYLIASGKTGFDAAASGFASNGYGEHSPGGYSMLSALVVELVLSAGFLLVIHGATDKFAPAGFAPIAIGLALTLIHLISIPVTNTSVNPARSTAVAIFQGGWALEQLWFFWVVPIVGGIIGGLIYRTLLEKRD
1SOR,A,Aquaporin-0 membrane junctions reveal the structure of a closed water pore,2004-05-11,3,MEMBRANE PROTEIN,25173.44,Protein,235,MICRODIALYSIS,298,6,3.45,64.04,"magnesium chloride, sodium chloride, MES, sodium azide, DTT, pH 6, MICRODIALYSIS, temperature 25K",RSASFWRAIFAEFFATLFYVFFGLGASLRWAPGPLHVLQVALAFGLALATLVQAVGHISGAHVNPAVTFAFLVGSQMSLLRAICYVVAQLLGAVAGAAVLYSVTPPAVRGNLALNTLHPGVSVGQATIVEIFLTLQFVLCIFATYDERRNGRLGSVALAVGFSLTLGHLFGMYYTGAGMNPARSFAPAILTRNFTNHWVYWVGPVIGAGLGSLLYDFLLFPRLKSVSERLSILKG
1YMG,A,The Channel Architecture of Aquaporin O at 2.2 Angstrom Resolution,2005-02-08,2.24,MEMBRANE PROTEIN,28857.65,Protein,263,"VAPOR DIFFUSION, SITTING DROP",298,10,2.89,55.78,"30% polyethylene glycol 1000, 20 mM glycine, 50 mM NaCl, pH 10.00, VAPOR DIFFUSION, SITTING DROP, temperature 298K",MWELRSASFWRAICAEFFASLFYVFFGLGASLRWAPGPLHVLQVALAFGLALATLVQAVGHISGAHVNPAVTFAFLVGSQMSLLRAICYMVAQLLGAVAGAAVLYSVTPPAVRGNLALNTLHPGVSVGQATIVEIFLTLQFVLCIFATYDERRNGRLGSVALAVGFSLTLGHLFGMYYTGAGMNPARSFAPAILTRNFTNHWVYWVGPVIGAGLGSLLYDFLLFPRLKSVSERLSILKGSRPSESNGQPEVTGEPVELKTQAL
1Z98,A,Crystal structure of the spinach aquaporin SoPIP2;1 in a closed conformation,2005-12-20,2.1,"TRANSPORT PROTEIN,MEMBRANE PROTEIN",60084.45,Protein,562,,,,3.4,63.8,,MSKEVSEEAQAHQHGKDYVDPPPAPFFDLGELKLWSFWRAAIAEFIATLLFLYITVATVIGHSKETVVCGSVGLLGIAWAFGGMIFVLVYCTAGISGGHINPAVTFGLFLARKVSLLRALVYMIAQCLGAICGVGLVKAFMKGPYNQFGGGANSVALGYNKGTALGAEIIGTFVLVYTVFSATDPKRSARDSHVPILAPLPIGFAVFMVHLATIPITGTGINPARSFGAAVIFNSNKVWDDQWIFWVGPFIGAAVAAAYHQYVLRAAAIKALGSFRSNPTN
1Z98,M,Crystal structure of the spinach aquaporin SoPIP2;1 in a closed conformation,2005-12-20,2.1,"TRANSPORT PROTEIN,MEMBRANE PROTEIN",60084.45,Protein,562,,,,3.4,63.8,,MSKEVSEEAQAHQHGKDYVDPPPAPFFDLGELKLWSFWRAAIAEFIATLLFLYITVATVIGHSKETVVCGSVGLLGIAWAFGGMIFVLVYCTAGISGGHINPAVTFGLFLARKVSLLRALVYMIAQCLGAICGVGLVKAFMKGPYNQFGGGANSVALGYNKGTALGAEIIGTFVLVYTVFSATDPKRSARDSHVPILAPLPIGFAVFMVHLATIPITGTGINPARSFGAAVIFNSNKVWDDQWIFWVGPFIGAAVAAAYHQYVLRAAAIKALGSFRSNPTN
2ABM,A,Crystal Structure of Aquaporin Z Tetramer Reveals both Open and Closed Water-conducting Channels,2005-09-20,3.2,MEMBRANE PROTEIN,198455.53,Protein,1848,"VAPOR DIFFUSION, HANGING DROP",273,4.6,3,63,"16% PEG3350, 0.75%beta-OG, 20% glycerol, 0.064 M Na Acetate, pH 4.6, VAPOR DIFFUSION, HANGING DROP, temperature 273K",MFRKLAAECFGTFWLVFGGCGSAVLAAGFPELGIGFAGVALAFGLTVLTMAFAVGHISGGHFNPAVTIGLWAGGRFPAKEVVGYVIAQVVGGIVAAALLYLIASGKTGFDAAASGFASNGYGEHSPGGYSMLSALVVELVLSAGFLLVIHGATDKFAPAGFAPIAIGLALTLIHLISIPVTNTSVNPARSTAVAIFQGGWALEQLWFFWVVPIVGGIIGGLIYRTLLEKRD
2ABM,B,Crystal Structure of Aquaporin Z Tetramer Reveals both Open and Closed Water-conducting Channels,2005-09-20,3.2,MEMBRANE PROTEIN,198455.53,Protein,1848,"VAPOR DIFFUSION, HANGING DROP",273,4.6,3,63,"16% PEG3350, 0.75%beta-OG, 20% glycerol, 0.064 M Na Acetate, pH 4.6, VAPOR DIFFUSION, HANGING DROP, temperature 273K",MFRKLAAECFGTFWLVFGGCGSAVLAAGFPELGIGFAGVALAFGLTVLTMAFAVGHISGGHFNPAVTIGLWAGGRFPAKEVVGYVIAQVVGGIVAAALLYLIASGKTGFDAAASGFASNGYGEHSPGGYSMLSALVVELVLSAGFLLVIHGATDKFAPAGFAPIAIGLALTLIHLISIPVTNTSVNPARSTAVAIFQGGWALEQLWFFWVVPIVGGIIGGLIYRTLLEKRD
2ABM,C,Crystal Structure of Aquaporin Z Tetramer Reveals both Open and Closed Water-conducting Channels,2005-09-20,3.2,MEMBRANE PROTEIN,198455.53,Protein,1848,"VAPOR DIFFUSION, HANGING DROP",273,4.6,3,63,"16% PEG3350, 0.75%beta-OG, 20% glycerol, 0.064 M Na Acetate, pH 4.6, VAPOR DIFFUSION, HANGING DROP, temperature 273K",MFRKLAAECFGTFWLVFGGCGSAVLAAGFPELGIGFAGVALAFGLTVLTMAFAVGHISGGHFNPAVTIGLWAGGRFPAKEVVGYVIAQVVGGIVAAALLYLIASGKTGFDAAASGFASNGYGEHSPGGYSMLSALVVELVLSAGFLLVIHGATDKFAPAGFAPIAIGLALTLIHLISIPVTNTSVNPARSTAVAIFQGGWALEQLWFFWVVPIVGGIIGGLIYRTLLEKRD
2ABM,D,Crystal Structure of Aquaporin Z Tetramer Reveals both Open and Closed Water-conducting Channels,2005-09-20,3.2,MEMBRANE PROTEIN,198455.53,Protein,1848,"VAPOR DIFFUSION, HANGING DROP",273,4.6,3,63,"16% PEG3350, 0.75%beta-OG, 20% glycerol, 0.064 M Na Acetate, pH 4.6, VAPOR DIFFUSION, HANGING DROP, temperature 273K",MFRKLAAECFGTFWLVFGGCGSAVLAAGFPELGIGFAGVALAFGLTVLTMAFAVGHISGGHFNPAVTIGLWAGGRFPAKEVVGYVIAQVVGGIVAAALLYLIASGKTGFDAAASGFASNGYGEHSPGGYSMLSALVVELVLSAGFLLVIHGATDKFAPAGFAPIAIGLALTLIHLISIPVTNTSVNPARSTAVAIFQGGWALEQLWFFWVVPIVGGIIGGLIYRTLLEKRD
2ABM,E,Crystal Structure of Aquaporin Z Tetramer Reveals both Open and Closed Water-conducting Channels,2005-09-20,3.2,MEMBRANE PROTEIN,198455.53,Protein,1848,"VAPOR DIFFUSION, HANGING DROP",273,4.6,3,63,"16% PEG3350, 0.75%beta-OG, 20% glycerol, 0.064 M Na Acetate, pH 4.6, VAPOR DIFFUSION, HANGING DROP, temperature 273K",MFRKLAAECFGTFWLVFGGCGSAVLAAGFPELGIGFAGVALAFGLTVLTMAFAVGHISGGHFNPAVTIGLWAGGRFPAKEVVGYVIAQVVGGIVAAALLYLIASGKTGFDAAASGFASNGYGEHSPGGYSMLSALVVELVLSAGFLLVIHGATDKFAPAGFAPIAIGLALTLIHLISIPVTNTSVNPARSTAVAIFQGGWALEQLWFFWVVPIVGGIIGGLIYRTLLEKRD
2ABM,F,Crystal Structure of Aquaporin Z Tetramer Reveals both Open and Closed Water-conducting Channels,2005-09-20,3.2,MEMBRANE PROTEIN,198455.53,Protein,1848,"VAPOR DIFFUSION, HANGING DROP",273,4.6,3,63,"16% PEG3350, 0.75%beta-OG, 20% glycerol, 0.064 M Na Acetate, pH 4.6, VAPOR DIFFUSION, HANGING DROP, temperature 273K",MFRKLAAECFGTFWLVFGGCGSAVLAAGFPELGIGFAGVALAFGLTVLTMAFAVGHISGGHFNPAVTIGLWAGGRFPAKEVVGYVIAQVVGGIVAAALLYLIASGKTGFDAAASGFASNGYGEHSPGGYSMLSALVVELVLSAGFLLVIHGATDKFAPAGFAPIAIGLALTLIHLISIPVTNTSVNPARSTAVAIFQGGWALEQLWFFWVVPIVGGIIGGLIYRTLLEKRD
2ABM,G,Crystal Structure of Aquaporin Z Tetramer Reveals both Open and Closed Water-conducting Channels,2005-09-20,3.2,MEMBRANE PROTEIN,198455.53,Protein,1848,"VAPOR DIFFUSION, HANGING DROP",273,4.6,3,63,"16% PEG3350, 0.75%beta-OG, 20% glycerol, 0.064 M Na Acetate, pH 4.6, VAPOR DIFFUSION, HANGING DROP, temperature 273K",MFRKLAAECFGTFWLVFGGCGSAVLAAGFPELGIGFAGVALAFGLTVLTMAFAVGHISGGHFNPAVTIGLWAGGRFPAKEVVGYVIAQVVGGIVAAALLYLIASGKTGFDAAASGFASNGYGEHSPGGYSMLSALVVELVLSAGFLLVIHGATDKFAPAGFAPIAIGLALTLIHLISIPVTNTSVNPARSTAVAIFQGGWALEQLWFFWVVPIVGGIIGGLIYRTLLEKRD
2ABM,H,Crystal Structure of Aquaporin Z Tetramer Reveals both Open and Closed Water-conducting Channels,2005-09-20,3.2,MEMBRANE PROTEIN,198455.53,Protein,1848,"VAPOR DIFFUSION, HANGING DROP",273,4.6,3,63,"16% PEG3350, 0.75%beta-OG, 20% glycerol, 0.064 M Na Acetate, pH 4.6, VAPOR DIFFUSION, HANGING DROP, temperature 273K",MFRKLAAECFGTFWLVFGGCGSAVLAAGFPELGIGFAGVALAFGLTVLTMAFAVGHISGGHFNPAVTIGLWAGGRFPAKEVVGYVIAQVVGGIVAAALLYLIASGKTGFDAAASGFASNGYGEHSPGGYSMLSALVVELVLSAGFLLVIHGATDKFAPAGFAPIAIGLALTLIHLISIPVTNTSVNPARSTAVAIFQGGWALEQLWFFWVVPIVGGIIGGLIYRTLLEKRD
2B5F,A,Crystal structure of the spinach aquaporin SoPIP2;1 in an open conformation to 3.9 resolution,2005-12-20,3.9,"TRANSPORT PROTEIN,MEMBRANE PROTEIN",130178.41,Protein,1212,,,,2.42,49.27,,MSKEVSEEAQAHQHGKDYVDPPPAPFFDLGELKLWSFWRAAIAEFIATLLFLYITVATVIGHSKETVVCGSVGLLGIAWAFGGMIFVLVYCTAGISGGHINPAVTFGLFLARKVSLLRALVYMIAQCLGAICGVGLVKAFMKGPYNQFGGGANSVALGYNKGTALGAEIIGTFVLVYTVFSATDPKRSARDSHVPILAPLPIGFAVFMVHLATIPITGTGINPARSFGAAVIFNSNKVWDDQWIFWVGPFIGAAVAAAYHQYVLRAAAIKALGSFRSNPTNLEQKLISEEDLNSAVDHHHHHH
2B5F,B,Crystal structure of the spinach aquaporin SoPIP2;1 in an open conformation to 3.9 resolution,2005-12-20,3.9,"TRANSPORT PROTEIN,MEMBRANE PROTEIN",130178.41,Protein,1212,,,,2.42,49.27,,MSKEVSEEAQAHQHGKDYVDPPPAPFFDLGELKLWSFWRAAIAEFIATLLFLYITVATVIGHSKETVVCGSVGLLGIAWAFGGMIFVLVYCTAGISGGHINPAVTFGLFLARKVSLLRALVYMIAQCLGAICGVGLVKAFMKGPYNQFGGGANSVALGYNKGTALGAEIIGTFVLVYTVFSATDPKRSARDSHVPILAPLPIGFAVFMVHLATIPITGTGINPARSFGAAVIFNSNKVWDDQWIFWVGPFIGAAVAAAYHQYVLRAAAIKALGSFRSNPTNLEQKLISEEDLNSAVDHHHHHH
2B5F,C,Crystal structure of the spinach aquaporin SoPIP2;1 in an open conformation to 3.9 resolution,2005-12-20,3.9,"TRANSPORT PROTEIN,MEMBRANE PROTEIN",130178.41,Protein,1212,,,,2.42,49.27,,MSKEVSEEAQAHQHGKDYVDPPPAPFFDLGELKLWSFWRAAIAEFIATLLFLYITVATVIGHSKETVVCGSVGLLGIAWAFGGMIFVLVYCTAGISGGHINPAVTFGLFLARKVSLLRALVYMIAQCLGAICGVGLVKAFMKGPYNQFGGGANSVALGYNKGTALGAEIIGTFVLVYTVFSATDPKRSARDSHVPILAPLPIGFAVFMVHLATIPITGTGINPARSFGAAVIFNSNKVWDDQWIFWVGPFIGAAVAAAYHQYVLRAAAIKALGSFRSNPTNLEQKLISEEDLNSAVDHHHHHH
2B5F,D,Crystal structure of the spinach aquaporin SoPIP2;1 in an open conformation to 3.9 resolution,2005-12-20,3.9,"TRANSPORT PROTEIN,MEMBRANE PROTEIN",130178.41,Protein,1212,,,,2.42,49.27,,MSKEVSEEAQAHQHGKDYVDPPPAPFFDLGELKLWSFWRAAIAEFIATLLFLYITVATVIGHSKETVVCGSVGLLGIAWAFGGMIFVLVYCTAGISGGHINPAVTFGLFLARKVSLLRALVYMIAQCLGAICGVGLVKAFMKGPYNQFGGGANSVALGYNKGTALGAEIIGTFVLVYTVFSATDPKRSARDSHVPILAPLPIGFAVFMVHLATIPITGTGINPARSFGAAVIFNSNKVWDDQWIFWVGPFIGAAVAAAYHQYVLRAAAIKALGSFRSNPTNLEQKLISEEDLNSAVDHHHHHH
2B6O,A,"Electron crystallographic structure of lens Aquaporin-0 (AQP0) (lens MIP) at 1.9A resolution, in a closed pore state",2005-12-06,1.9,MEMBRANE PROTEIN,34386.28,Protein,263,MICRODIALYSIS,300,6,3.03,59.44,"20mM MES pH 6.0, 50mM MgCl2, 5mM DTT, MICRODIALYSIS, temperature 300K",MWELRSASFWRAIFAEFFATLFYVFFGLGASLRWAPGPLHVLQVALAFGLALATLVQAVGHISGAHVNPAVTFAFLVGSQMSLLRAICYVVAQLLGAVAGAAVLYSVTPPAVRGNLALNTLHPGVSVGQATIVEIFLTLQFVLCIFATYDERRNGRLGSVALAVGFSLTLGHLFGMYYTGAGMNPARSFAPAILTRNFTNHWVYWVGPVIGAGLGSLLYDFLLFPRLKSVSERLSILKGTRPSESNGQPEVTGEPVELKTQAL
2B6P,A,X-ray structure of lens Aquaporin-0 (AQP0) (lens MIP) in an open pore state,2005-12-06,2.4,MEMBRANE PROTEIN,28244.87,Protein,263,"VAPOR DIFFUSION, SITTING DROP",300,10,2.8,56.14,"20 mM glycine, pH 10.0   30% polyethylene glycol 1K   50 mM NaCl, VAPOR DIFFUSION, SITTING DROP, temperature 300K",MWELRSASFWRAICAEFFASLFYVFFGLGASLRWAPGPLHVLQVALAFGLALATLVQAVGHISGAHVNPAVTFAFLVGSQMSLLRAICYMVAQLLGAVAGAAVLYSVTPPAVRGNLALNTLHPGVSVGQATIVEIFLTLQFVLCIFATYDERRNGRLGSVALAVGFSLTLGHLFGMYYTGAGMNPARSFAPAILTRNFTNHWVYWVGPVIGAGLGSLLYDFLLFPRLKSVSERLSILKGSRPSESNGQPEVTGEPVELKTQAL
2C32,A,Co-axial association of recombinant eye lens aquaporin-0 observed in loosely packed 3D-crystals,2005-12-07,7.01,MEMBRANE PROTEIN,28244.87,Protein,263,,,8.9,5.32,76.8,"100 MM BICINE NAOH PH 8.9, 350 MM NACL, 34 % (V/V) PEG400",MWELRSASFWRAICAEFFASLFYVFFGLGASLRWAPGPLHVLQVALAFGLALATLVQAVGHISGAHVNPAVTFAFLVGSQMSLLRAICYMVAQLLGAVAGAAVLYSVTPPAVRGNLALNTLHPGVSVGQATIVEIFLTLQFVLCIFATYDERRNGRLGSVALAVGFSLTLGHLFGMYYTGAGMNPARSFAPAILTRNFTNHWVYWVGPVIGAGLGSLLYDFLLFPRLKSVSERLSILKGSRPSESNGQPEVTGEPVELKTQAL
2D57,A,Double layered 2D crystal structure of AQUAPORIN-4 (AQP4M23) at 3.2 a resolution by electron crystallography,2006-01-31,3.2,TRANSPORT PROTEIN,32189.38,Protein,301,dialysys,293,6,2.96,58.41,"10mM MES(pH 6.0), 100mM NaCl, 50mM MgCl2, 2mM DTT, 1% glycerol, dialysys, temperature 293K",MVAFKGVWTQAFWKAVTAEFLAMLIFVLLSVGSTINWGGSENPLPVDMVLISLCFGLSIATMVQCFGHISGGHINPAVTVAMVCTRKISIAKSVFYITAQCLGAIIGAGILYLVTPPSVVGGLGVTTVHGNLTAGHGLLVELIITFQLVFTIFASCDSKRTDVTGSVALAIGFSVAIGHLFAINYTGASMNPARSFGPAVIMGNWENHWIYWVGPIIGAVLAGALYEYVFCPDVELKRRLKEAFSKAAQQTKGSYMEVEDNRSQVETEDLILKPGVVHVIDIDRGDEKKGKDSSGEVLSSV
2EVU,A,Crystal structure of aquaporin AqpM at 2.3A resolution,2005-12-06,2.3,MEMBRANE PROTEIN,26493.95,Protein,246,"VAPOR DIFFUSION, HANGING DROP",295,9,3.38,63.57,"20% PEG 4000,  50 mM TRIS pH 9,  100 mM NaCl,  10% glycerol, pH 9.0, VAPOR DIFFUSION, HANGING DROP, temperature 295K",MVSLTKRCIAEFIGTFILVFFGAGSAAVTLMIASGGTSPNPFNIGIGLLGGLGDWVAIGLAFGFAIAASIYALGNISGCHINPAVTIGLWSVKKFPGREVVPYIIAQLLGAAFGSFIFLQCAGIGAATVGGLGATAPFPGISYWQAMLAEVVGTFLLMITIMGIAVDERAPKGFAGIIIGLTVAGIITTLGNISGSSLNPARTFGPYLNDMIFAGTDLWNYYSIYVIGPIVGAVLAALTYQYLTSE
2F2B,A,Crystal structure of integral membrane protein Aquaporin AqpM at 1.68A resolution,2005-12-06,1.68,MEMBRANE PROTEIN,25448.74,Protein,246,"VAPOR DIFFUSION, HANGING DROP",295,8.5,3.09,60.15,"PEG4000 23%, 200 mM MgCl2, 10% glycerol, TRIS pH 8.5, VAPOR DIFFUSION, HANGING DROP, temperature 295K",MVSLTKRCIAEFIGTFILVFFGAGSAAVTLMIASGGTSPNPFNIGIGLLGGLGDWVAIGLAFGFAIAASIYALGNISGCHINPAVTIGLWSVKKFPGREVVPYIIAQLLGAAFGSFIFLQCAGIGAATVGGLGATAPFPGISYWQAMLAEVVGTFLLMITIMGIAVDERAPKGFAGIIIGLTVAGIITTLGNISGSSLNPARTFGPYLNDMIFAGTDLWNYYSIYVIGPIVGAVLAALTYQYLTSE
2O9D,A,Crystal Structure of AqpZ mutant T183C.,2007-02-13,2.3,MEMBRANE PROTEIN,48844.86,Protein,468,"VAPOR DIFFUSION, HANGING DROP",,6.5,3.48,64.68,"hanging drop with 1:1 addition of protien and mothor liquor, 25% polyethylene glycol monomethyl ether 2000, 100 mM sodium cacodylate, 100 mM MgCl2, pH 6.5, VAPOR DIFFUSION, HANGING DROP",ASHMFRKLAAESFGTFWLVFGGSGSAVLAAGFPELGIGFAGVALAFGLTVLTMAFAVGHISGGHFNPAVTIGLWAGGRFPAKEVVGYVIAQVVGGIVAAALLYLIASGKTGFDAAASGFASNGYGEHSPGGYSMLSALVVELVLSAGFLLVIHGATDKFAPAGFAPIAIGLALTLIHLISIPVTNCSVNPARSTAVAIFQGGWALEQLWFFWVVPIVGGIIGGLIYRTLLEKRD
2O9D,B,Crystal Structure of AqpZ mutant T183C.,2007-02-13,2.3,MEMBRANE PROTEIN,48844.86,Protein,468,"VAPOR DIFFUSION, HANGING DROP",,6.5,3.48,64.68,"hanging drop with 1:1 addition of protien and mothor liquor, 25% polyethylene glycol monomethyl ether 2000, 100 mM sodium cacodylate, 100 mM MgCl2, pH 6.5, VAPOR DIFFUSION, HANGING DROP",ASHMFRKLAAESFGTFWLVFGGSGSAVLAAGFPELGIGFAGVALAFGLTVLTMAFAVGHISGGHFNPAVTIGLWAGGRFPAKEVVGYVIAQVVGGIVAAALLYLIASGKTGFDAAASGFASNGYGEHSPGGYSMLSALVVELVLSAGFLLVIHGATDKFAPAGFAPIAIGLALTLIHLISIPVTNCSVNPARSTAVAIFQGGWALEQLWFFWVVPIVGGIIGGLIYRTLLEKRD
2O9E,A,Crystal Structure of AqpZ mutant T183C complexed with mercury,2007-02-13,2.2,MEMBRANE PROTEIN,24518.58,Protein,234,"VAPOR DIFFUSION, HANGING DROP",,6.5,3.39,63.72,"hanging drop with 1:1 addition of protien and mothor liquor, 25% polyethylene glycol monomethyl ether 2000, 100 mM sodium cacodylate, 100 mM MgCl2, 1 mM HgCl2, pH 6.5, VAPOR DIFFUSION, HANGING DROP",ASAMFRKLAAESFGTFWLVFGGSGSAVLAAGFPELGIGFAGVALAFGLTVLTMAFAVGHISGGHFNPAVTIGLWAGGRFPAKEVVGYVIAQVVGGIVAAALLYLIASGKTGFDAAASGFASNGYGEHSPGGYSMLSALVVELVLSAGFLLVIHGATDKFAPAGFAPIAIGLALTLIHLISIPVTNCSVNPARSTAVAIFQGGWALEQLWFFWVVPIVGGIIGGLIYRTLLEKRD
2O9F,A,Crystal Structure of AqpZ mutant L170C,2007-02-13,2.55,MEMBRANE PROTEIN,47943.64,Protein,468,"VAPOR DIFFUSION, HANGING DROP",,6.5,3.38,63.61,"hanging drop with 1:1 addition of protien and mothor liquor, 25% polyethylene glycol monomethyl ether 2000, 100 mM sodium cacodylate, 100 mM MgCl2, pH 6.5, VAPOR DIFFUSION, HANGING DROP",ASHMFRKLAAESFGTFWLVFGGSGSAVLAAGFPELGIGFAGVALAFGLTVLTMAFAVGHISGGHFNPAVTIGLWAGGRFPAKEVVGYVIAQVVGGIVAAALLYLIASGKTGFDAAASGFASNGYGEHSPGGYSMLSALVVELVLSAGFLLVIHGATDKFAPAGFAPIAIGLACTLIHLISIPVTNTSVNPARSTAVAIFQGGWALEQLWFFWVVPIVGGIIGGLIYRTLLEKRD
2O9F,B,Crystal Structure of AqpZ mutant L170C,2007-02-13,2.55,MEMBRANE PROTEIN,47943.64,Protein,468,"VAPOR DIFFUSION, HANGING DROP",,6.5,3.38,63.61,"hanging drop with 1:1 addition of protien and mothor liquor, 25% polyethylene glycol monomethyl ether 2000, 100 mM sodium cacodylate, 100 mM MgCl2, pH 6.5, VAPOR DIFFUSION, HANGING DROP",ASHMFRKLAAESFGTFWLVFGGSGSAVLAAGFPELGIGFAGVALAFGLTVLTMAFAVGHISGGHFNPAVTIGLWAGGRFPAKEVVGYVIAQVVGGIVAAALLYLIASGKTGFDAAASGFASNGYGEHSPGGYSMLSALVVELVLSAGFLLVIHGATDKFAPAGFAPIAIGLACTLIHLISIPVTNTSVNPARSTAVAIFQGGWALEQLWFFWVVPIVGGIIGGLIYRTLLEKRD
2O9G,A,Crystal Structure of AqpZ mutant L170C complexed with mercury.,2007-02-13,1.9,MEMBRANE PROTEIN,25358.92,Protein,234,"VAPOR DIFFUSION, HANGING DROP",,6.5,3.34,63.19,"hanging drop with 1:1 addition of protien and mothor liquor, 25% polyethylene glycol monomethyl ether 2000, 100 mM sodium cacodylate, 100 mM MgCl2, 1mM HgCl2, pH 6.5, VAPOR DIFFUSION, HANGING DROP",ASHMFRKLAAESFGTFWLVFGGSGSAVLAAGFPELGIGFAGVALAFGLTVLTMAFAVGHISGGHFNPAVTIGLWAGGRFPAKEVVGYVIAQVVGGIVAAALLYLIASGKTGFDAAASGFASNGYGEHSPGGYSMLSALVVELVLSAGFLLVIHGATDKFAPAGFAPIAIGLACTLIHLISIPVTNTSVNPARSTAVAIFQGGWALEQLWFFWVVPIVGGIIGGLIYRTLLEKRD
2W1P,A,"1.4 Angstrom crystal structure of P.pastoris aquaporin, Aqy1, in a closed conformation at pH 8.0",2009-06-16,1.4,MEMBRANE PROTEIN,31172.82,Protein,279,,,8,2.77,55.6,"28% PEG600, 0.05 M HEPES PH 8.0, 1.0 MM ZNSO4",MPDIENQAADGQAEIKPEDAPYITNAYKPAYARWGFGSDSVRNHFIAMSGEFVGTFLFLWSAFVIAQIANQAPETPDGGSNPAQLIMISFGFGFGVMVGVFITYRVSGGNLNPAVTLALVLARAIPPFRGILMAFTQIVAGMAAAGAASAMTPGEIAFANALGGGASRTRGLFLEAFGTAILCLTVLMLAVEKHRATWFAPFVIGIALLIAHLICIYYTGAGLNPARSFGPAVAARSFPNYHWIYWLGPILGAFLAYSIWQMWKWLNYQTTNPGQDSDA
2W2E,A,"1.15 Angstrom crystal structure of P.pastoris aquaporin, Aqy1, in a closed conformation at pH 3.5",2009-06-16,1.15,MEMBRANE PROTEIN,31793.01,Protein,279,,,3.5,2.43,49.4,"28% PEG400, 100 MM SODIUM CITRATE PH=3.5, 200 MM LITHIUM SULFATE",MPDIENQAADGQAEIKPEDAPYITNAYKPAYARWGFGSDSVRNHFIAMSGEFVGTFLFLWSAFVIAQIANQAPETPDGGSNPAQLIMISFGFGFGVMVGVFITYRVSGGNLNPAVTLALVLARAIPPFRGILMAFTQIVAGMAAAGAASAMTPGEIAFANALGGGASRTRGLFLEAFGTAILCLTVLMLAVEKHRATWFAPFVIGIALLIAHLICIYYTGAGLNPARSFGPAVAARSFPNYHWIYWLGPILGAFLAYSIWQMWKWLNYQTTNPGQDSDA
2ZZ9,A,Structure of aquaporin-4 S180D mutant at 2.8 A resolution by electron crystallography,2009-06-09,2.8,TRANSPORT PROTEIN,35962.75,Protein,301,MICRODIALYSIS,293,6,,,"10mM MES (pH 6.0), 75mM NaCl, 50mM MgCl2, 2mM DTT, 1% glycerol, MICRODIALYSIS, temperature 293K",MVAFKGVWTQAFWKAVTAEFLAMLIFVLLSVGSTINWGGSENPLPVDMVLISLCFGLSIATMVQCFGHISGGHINPAVTVAMVCTRKISIAKSVFYITAQCLGAIIGAGILYLVTPPSVVGGLGVTTVHGNLTAGHGLLVELIITFQLVFTIFASCDDKRTDVTGSVALAIGFSVAIGHLFAINYTGASMNPARSFGPAVIMGNWENHWIYWVGPIIGAVLAGALYEYVFCPDVELKRRLKEAFSKAAQQTKGSYMEVEDNRSQVETEDLILKPGVVHVIDIDRGDEKKGKDSSGEVLSSV
3CLL,A,Crystal structure of the Spinach Aquaporin SoPIP2;1 S115E mutant,2009-02-24,2.3,TRANSPORT PROTEIN,32130.28,Protein,300,"VAPOR DIFFUSION, HANGING DROP",280,6.5,2.72,54.82,"30% PEG 400, 0.1M NaCl, 0.1M MES, pH 6.5, VAPOR DIFFUSION, HANGING DROP, temperature 280K",MSHHHHHHSSGLVPRGSHMMSKEVSEEAQAHQHGKDYVDPPPAPFFDLGELKLWSFWRAAIAEFIATLLFLYITVATVIGHSKETVVCGSVGLLGIAWAFGGMIFVLVYCTAGISGGHINPAVTFGLFLARKVELLRALVYMIAQCLGAICGVGLVKAFMKGPYNQFGGGANSVALGYNKGTALGAEIIGTFVLVYTVFSATDPKRSARDSHVPILAPLPIGFAVFMVHLATIPITGTGINPARSFGAAVIFNSNKVWDDQWIFWVGPFIGAAVAAAYHQYVLRAAAIKALGSFRSNPTN
3CN5,A,"Crystal structure of the Spinach Aquaporin SoPIP2;1 S115E, S274E mutant",2009-02-24,2.05,TRANSPORT PROTEIN,32642.83,Protein,304,"VAPOR DIFFUSION, HANGING DROP",280,6.5,2.53,51.48,"30% PEG400, 0.1M NaCl, 0.1M MgCl2, 0.1M MES, pH 6.5, VAPOR DIFFUSION, HANGING DROP, temperature 280K",MSHHHHHHSSGLVPRGSHMLEDLMSKEVSEEAQAHQHGKDYVDPPPAPFFDLGELKLWSFWRAAIAEFIATLLFLYITVATVIGHSKETVVCGSVGLLGIAWAFGGMIFVLVYCTAGISGGHINPAVTFGLFLARKVELLRALVYMIAQCLGAICGVGLVKAFMKGPYNQFGGGANSVALGYNKGTALGAEIIGTFVLVYTVFSATDPKRSARDSHVPILAPLPIGFAVFMVHLATIPITGTGINPARSFGAAVIFNSNKVWDDQWIFWVGPFIGAAVAAAYHQYVLRAAAIKALGEFRSNPTN
3CN6,A,Crystal structure of the Spinach Aquaporin SoPIP2;1 S274E mutant,2009-02-24,2.95,TRANSPORT PROTEIN,65426.41,Protein,608,"VAPOR DIFFUSION, HANGING DROP",280,7,2.91,57.74,"Reservoir: 0.1M Tris, 0.2M NaCl, 24% PEG400.   Reservoir mixed 1:4 with 0.1M CdCl2, and then mixed 1:1 with protein,   centrifuged briefly and supernatant used for crystallization, pH 7, VAPOR DIFFUSION, HANGING DROP, temperature 280K",MSHHHHHHSSGLVPRGSHMLEDLMSKEVSEEAQAHQHGKDYVDPPPAPFFDLGELKLWSFWRAAIAEFIATLLFLYITVATVIGHSKETVVCGSVGLLGIAWAFGGMIFVLVYCTAGISGGHINPAVTFGLFLARKVSLLRALVYMIAQCLGAICGVGLVKAFMKGPYNQFGGGANSVALGYNKGTALGAEIIGTFVLVYTVFSATDPKRSARDSHVPILAPLPIGFAVFMVHLATIPITGTGINPARSFGAAVIFNSNKVWDDQWIFWVGPFIGAAVAAAYHQYVLRAAAIKALGEFRSNPTN
3CN6,B,Crystal structure of the Spinach Aquaporin SoPIP2;1 S274E mutant,2009-02-24,2.95,TRANSPORT PROTEIN,65426.41,Protein,608,"VAPOR DIFFUSION, HANGING DROP",280,7,2.91,57.74,"Reservoir: 0.1M Tris, 0.2M NaCl, 24% PEG400.   Reservoir mixed 1:4 with 0.1M CdCl2, and then mixed 1:1 with protein,   centrifuged briefly and supernatant used for crystallization, pH 7, VAPOR DIFFUSION, HANGING DROP, temperature 280K",MSHHHHHHSSGLVPRGSHMLEDLMSKEVSEEAQAHQHGKDYVDPPPAPFFDLGELKLWSFWRAAIAEFIATLLFLYITVATVIGHSKETVVCGSVGLLGIAWAFGGMIFVLVYCTAGISGGHINPAVTFGLFLARKVSLLRALVYMIAQCLGAICGVGLVKAFMKGPYNQFGGGANSVALGYNKGTALGAEIIGTFVLVYTVFSATDPKRSARDSHVPILAPLPIGFAVFMVHLATIPITGTGINPARSFGAAVIFNSNKVWDDQWIFWVGPFIGAAVAAAYHQYVLRAAAIKALGEFRSNPTN
3D9S,A,Human Aquaporin 5 (AQP5) - High Resolution X-ray Structure,2008-08-26,2,MEMBRANE PROTEIN,114164.23,Protein,1064,"VAPOR DIFFUSION, HANGING DROP",281,7.6,3.15,61,"19% polyethylene glycol 400, 0.1M Tris HCl pH 7.6, 0.1M NaCl, 6% v/v 1,6-hexanediol, 3% v/v 1,4-butanediol or 3% v/v 1,3-propanediol, VAPOR DIFFUSION, HANGING DROP, temperature 281K",MSKKEVCSVAFLKAVFAEFLATLIFVFFGLGSALKWPSALPTILQIALAFGLAIGTLAQALGPVSGGHINPAITLALLVGNQISLLRAFFYVAAQLVGAIAGAGILYGVAPLNARGNLAVNALNNNTTQGQAMVVELILTFQLALCIFASTDSRRTSPVGSPALSIGLSVTLGHLVGIYFTGCSMNPARSFGPAVVMNRFSPAHWVFWVGPIVGAVLAAILYFYLLFPNSLSLSERVAIIKGTYEPDEDWEEQREERKKTMELTTR
3D9S,B,Human Aquaporin 5 (AQP5) - High Resolution X-ray Structure,2008-08-26,2,MEMBRANE PROTEIN,114164.23,Protein,1064,"VAPOR DIFFUSION, HANGING DROP",281,7.6,3.15,61,"19% polyethylene glycol 400, 0.1M Tris HCl pH 7.6, 0.1M NaCl, 6% v/v 1,6-hexanediol, 3% v/v 1,4-butanediol or 3% v/v 1,3-propanediol, VAPOR DIFFUSION, HANGING DROP, temperature 281K",MSKKEVCSVAFLKAVFAEFLATLIFVFFGLGSALKWPSALPTILQIALAFGLAIGTLAQALGPVSGGHINPAITLALLVGNQISLLRAFFYVAAQLVGAIAGAGILYGVAPLNARGNLAVNALNNNTTQGQAMVVELILTFQLALCIFASTDSRRTSPVGSPALSIGLSVTLGHLVGIYFTGCSMNPARSFGPAVVMNRFSPAHWVFWVGPIVGAVLAAILYFYLLFPNSLSLSERVAIIKGTYEPDEDWEEQREERKKTMELTTR
3D9S,C,Human Aquaporin 5 (AQP5) - High Resolution X-ray Structure,2008-08-26,2,MEMBRANE PROTEIN,114164.23,Protein,1064,"VAPOR DIFFUSION, HANGING DROP",281,7.6,3.15,61,"19% polyethylene glycol 400, 0.1M Tris HCl pH 7.6, 0.1M NaCl, 6% v/v 1,6-hexanediol, 3% v/v 1,4-butanediol or 3% v/v 1,3-propanediol, VAPOR DIFFUSION, HANGING DROP, temperature 281K",MSKKEVCSVAFLKAVFAEFLATLIFVFFGLGSALKWPSALPTILQIALAFGLAIGTLAQALGPVSGGHINPAITLALLVGNQISLLRAFFYVAAQLVGAIAGAGILYGVAPLNARGNLAVNALNNNTTQGQAMVVELILTFQLALCIFASTDSRRTSPVGSPALSIGLSVTLGHLVGIYFTGCSMNPARSFGPAVVMNRFSPAHWVFWVGPIVGAVLAAILYFYLLFPNSLSLSERVAIIKGTYEPDEDWEEQREERKKTMELTTR
3D9S,D,Human Aquaporin 5 (AQP5) - High Resolution X-ray Structure,2008-08-26,2,MEMBRANE PROTEIN,114164.23,Protein,1064,"VAPOR DIFFUSION, HANGING DROP",281,7.6,3.15,61,"19% polyethylene glycol 400, 0.1M Tris HCl pH 7.6, 0.1M NaCl, 6% v/v 1,6-hexanediol, 3% v/v 1,4-butanediol or 3% v/v 1,3-propanediol, VAPOR DIFFUSION, HANGING DROP, temperature 281K",MSKKEVCSVAFLKAVFAEFLATLIFVFFGLGSALKWPSALPTILQIALAFGLAIGTLAQALGPVSGGHINPAITLALLVGNQISLLRAFFYVAAQLVGAIAGAGILYGVAPLNARGNLAVNALNNNTTQGQAMVVELILTFQLALCIFASTDSRRTSPVGSPALSIGLSVTLGHLVGIYFTGCSMNPARSFGPAVVMNRFSPAHWVFWVGPIVGAVLAAILYFYLLFPNSLSLSERVAIIKGTYEPDEDWEEQREERKKTMELTTR
3GD8,A,Crystal Structure of Human Aquaporin 4 at 1.8 and its Mechanism of Conductance,2009-03-31,1.8,MEMBRANE PROTEIN,24279.58,Protein,223,"VAPOR DIFFUSION, SITTING DROP",298,6,2.73,54.97,"25% PEG-2K-MME, 50mM Citrate, pH 6.0, 40mM OG, 5% glycerol, VAPOR DIFFUSION, SITTING DROP, temperature 298K",QAFWKAVTAEFLAMLIFVLLSLGSTINWGGTEKPLPVDMVLISLCFGLSIATMVQCFGHISGGHINPAVTVAMVCTRKISIAKSVFYIAAQCLGAIIGAGILYLVTPPSVVGGLGVTMVHGNLTAGHGLLVELIITFQLVFTIFASCDSKRTDVTGSIALAIGFSVAIGHLFAINYTGASMNPARSFGPAVIMGNWENHWIYWVGPIIGAVLAGGLYEYVFCP
3IYZ,A,Structure of Aquaporin-4 S180D mutant at 10.0 A resolution from electron micrograph,2010-08-25,10,TRANSPORT PROTEIN,36595.14,Protein,340,,,6,,,pH 6.00,MPRGSHHHHHHGMASMTGGQQMGRDLYDDDDKDPSSRSIMVAFKGVWTQAFWKAVTAEFLAMLIFVLLSVGSTINWGGSENPLPVDMVLISLCFGLSIATMVQCFGHISGGHINPAVTVAMVCTRKISIAKSVFYITAQCLGAIIGAGILYLVTPPSVVGGLGVTTVHGNLTAGHGLLVELIITFQLVFTIFASCDDKRTDVTGSVALAIGFSVAIGHLFAINYTGASMNPARSFGPAVIMGNWENHWIYWVGPIIGAVLAGALYEYVFCPDVELKRRLKEAFSKAAQQTKGSYMEVEDNRSQVETEDLILKPGVVHVIDIDRGDEKKGKDSSGEVLSSV
3J41,A,Pseudo-atomic model of the Aquaporin-0/Calmodulin complex derived from electron microscopy,2013-07-31,25,TRANSPORT PROTEIN/CALCIUM BINDING,147005.17,Protein,1350,,,,,,,MWELRSASFWRAICAEFFASLFYVFFGLGASLRWAPGPLHVLQVALAFGLALATLVQAVGHISGAHVNPAVTFAFLVGSQMSLLRAICYMVAQLLGAVAGAAVLYSVTPPAVRGNLALNTLHPGVSVGQATIVEIFLTLQFVLCIFATYDERRNGRLGSVALAVGFSLTLGHLFGMYYTGAGMNPARSFAPAILTRNFTNHWVYWVGPVIGAGLGSLLYDFLLFPRLKSVSERLSILKGSRPSESNGQPEVTGEPVELKTQAL
3J41,B,Pseudo-atomic model of the Aquaporin-0/Calmodulin complex derived from electron microscopy,2013-07-31,25,TRANSPORT PROTEIN/CALCIUM BINDING,147005.17,Protein,1350,,,,,,,MWELRSASFWRAICAEFFASLFYVFFGLGASLRWAPGPLHVLQVALAFGLALATLVQAVGHISGAHVNPAVTFAFLVGSQMSLLRAICYMVAQLLGAVAGAAVLYSVTPPAVRGNLALNTLHPGVSVGQATIVEIFLTLQFVLCIFATYDERRNGRLGSVALAVGFSLTLGHLFGMYYTGAGMNPARSFAPAILTRNFTNHWVYWVGPVIGAGLGSLLYDFLLFPRLKSVSERLSILKGSRPSESNGQPEVTGEPVELKTQAL
3J41,C,Pseudo-atomic model of the Aquaporin-0/Calmodulin complex derived from electron microscopy,2013-07-31,25,TRANSPORT PROTEIN/CALCIUM BINDING,147005.17,Protein,1350,,,,,,,MWELRSASFWRAICAEFFASLFYVFFGLGASLRWAPGPLHVLQVALAFGLALATLVQAVGHISGAHVNPAVTFAFLVGSQMSLLRAICYMVAQLLGAVAGAAVLYSVTPPAVRGNLALNTLHPGVSVGQATIVEIFLTLQFVLCIFATYDERRNGRLGSVALAVGFSLTLGHLFGMYYTGAGMNPARSFAPAILTRNFTNHWVYWVGPVIGAGLGSLLYDFLLFPRLKSVSERLSILKGSRPSESNGQPEVTGEPVELKTQAL
3J41,D,Pseudo-atomic model of the Aquaporin-0/Calmodulin complex derived from electron microscopy,2013-07-31,25,TRANSPORT PROTEIN/CALCIUM BINDING,147005.17,Protein,1350,,,,,,,MWELRSASFWRAICAEFFASLFYVFFGLGASLRWAPGPLHVLQVALAFGLALATLVQAVGHISGAHVNPAVTFAFLVGSQMSLLRAICYMVAQLLGAVAGAAVLYSVTPPAVRGNLALNTLHPGVSVGQATIVEIFLTLQFVLCIFATYDERRNGRLGSVALAVGFSLTLGHLFGMYYTGAGMNPARSFAPAILTRNFTNHWVYWVGPVIGAGLGSLLYDFLLFPRLKSVSERLSILKGSRPSESNGQPEVTGEPVELKTQAL
3J41,E,Pseudo-atomic model of the Aquaporin-0/Calmodulin complex derived from electron microscopy,2013-07-31,25,TRANSPORT PROTEIN/CALCIUM BINDING,147005.17,Protein,1350,,,,,,,MADQLTEEQIAEFKEAFSLFDKDGDGTITTKELGTVMRSLGQNPTEAELQDMINEVDADGNGTIDFPEFLTMMARKMKDTDSEEEIREAFRVFDKDGNGYISAAELRHVMTNLGEKLTDEEVDEMIREADIDGDGQVNYEEFVQMMTAK
3J41,F,Pseudo-atomic model of the Aquaporin-0/Calmodulin complex derived from electron microscopy,2013-07-31,25,TRANSPORT PROTEIN/CALCIUM BINDING,147005.17,Protein,1350,,,,,,,MADQLTEEQIAEFKEAFSLFDKDGDGTITTKELGTVMRSLGQNPTEAELQDMINEVDADGNGTIDFPEFLTMMARKMKDTDSEEEIREAFRVFDKDGNGYISAAELRHVMTNLGEKLTDEEVDEMIREADIDGDGQVNYEEFVQMMTAK
3KCU,A,Structure of formate channel,2009-12-01,2.24,TRANSPORT PROTEIN,155515.52,Protein,1425,"VAPOR DIFFUSION, HANGING DROP",291,7.5,2.88,57.26,"0.1M MOPS, pH 7.5, 36% (w/v) PEG 400, 200mM NaCl or sodium formate, VAPOR DIFFUSION, HANGING DROP, temperature 291K",MKADNPFDLLLPAAMAKVAEEAGVYKATKHPLKTFYLAITAGVFISIAFVFYITATTGTGTMPFGMAKLVGGICFSLGLILCVVCGADLFTSTVLIVVAKASGRITWGQLAKNWLNVYFGNLVGALLFVLLMWLSGEYMTANGQWGLNVLQTADHKVHHTFIEAVCLGILANLMVCLAVWMSYSGRSLMDKAFIMVLPVAMFVASGFEHSIANMFMIPMGIVIRDFASPEFWTAVGSAPENFSHLTVMNFITDNLIPVTIGNIIGGGLLVGLTYWVIYLRENDHH
3KCU,B,Structure of formate channel,2009-12-01,2.24,TRANSPORT PROTEIN,155515.52,Protein,1425,"VAPOR DIFFUSION, HANGING DROP",291,7.5,2.88,57.26,"0.1M MOPS, pH 7.5, 36% (w/v) PEG 400, 200mM NaCl or sodium formate, VAPOR DIFFUSION, HANGING DROP, temperature 291K",MKADNPFDLLLPAAMAKVAEEAGVYKATKHPLKTFYLAITAGVFISIAFVFYITATTGTGTMPFGMAKLVGGICFSLGLILCVVCGADLFTSTVLIVVAKASGRITWGQLAKNWLNVYFGNLVGALLFVLLMWLSGEYMTANGQWGLNVLQTADHKVHHTFIEAVCLGILANLMVCLAVWMSYSGRSLMDKAFIMVLPVAMFVASGFEHSIANMFMIPMGIVIRDFASPEFWTAVGSAPENFSHLTVMNFITDNLIPVTIGNIIGGGLLVGLTYWVIYLRENDHH
3KCU,C,Structure of formate channel,2009-12-01,2.24,TRANSPORT PROTEIN,155515.52,Protein,1425,"VAPOR DIFFUSION, HANGING DROP",291,7.5,2.88,57.26,"0.1M MOPS, pH 7.5, 36% (w/v) PEG 400, 200mM NaCl or sodium formate, VAPOR DIFFUSION, HANGING DROP, temperature 291K",MKADNPFDLLLPAAMAKVAEEAGVYKATKHPLKTFYLAITAGVFISIAFVFYITATTGTGTMPFGMAKLVGGICFSLGLILCVVCGADLFTSTVLIVVAKASGRITWGQLAKNWLNVYFGNLVGALLFVLLMWLSGEYMTANGQWGLNVLQTADHKVHHTFIEAVCLGILANLMVCLAVWMSYSGRSLMDKAFIMVLPVAMFVASGFEHSIANMFMIPMGIVIRDFASPEFWTAVGSAPENFSHLTVMNFITDNLIPVTIGNIIGGGLLVGLTYWVIYLRENDHH
3KCU,D,Structure of formate channel,2009-12-01,2.24,TRANSPORT PROTEIN,155515.52,Protein,1425,"VAPOR DIFFUSION, HANGING DROP",291,7.5,2.88,57.26,"0.1M MOPS, pH 7.5, 36% (w/v) PEG 400, 200mM NaCl or sodium formate, VAPOR DIFFUSION, HANGING DROP, temperature 291K",MKADNPFDLLLPAAMAKVAEEAGVYKATKHPLKTFYLAITAGVFISIAFVFYITATTGTGTMPFGMAKLVGGICFSLGLILCVVCGADLFTSTVLIVVAKASGRITWGQLAKNWLNVYFGNLVGALLFVLLMWLSGEYMTANGQWGLNVLQTADHKVHHTFIEAVCLGILANLMVCLAVWMSYSGRSLMDKAFIMVLPVAMFVASGFEHSIANMFMIPMGIVIRDFASPEFWTAVGSAPENFSHLTVMNFITDNLIPVTIGNIIGGGLLVGLTYWVIYLRENDHH
3KCU,E,Structure of formate channel,2009-12-01,2.24,TRANSPORT PROTEIN,155515.52,Protein,1425,"VAPOR DIFFUSION, HANGING DROP",291,7.5,2.88,57.26,"0.1M MOPS, pH 7.5, 36% (w/v) PEG 400, 200mM NaCl or sodium formate, VAPOR DIFFUSION, HANGING DROP, temperature 291K",MKADNPFDLLLPAAMAKVAEEAGVYKATKHPLKTFYLAITAGVFISIAFVFYITATTGTGTMPFGMAKLVGGICFSLGLILCVVCGADLFTSTVLIVVAKASGRITWGQLAKNWLNVYFGNLVGALLFVLLMWLSGEYMTANGQWGLNVLQTADHKVHHTFIEAVCLGILANLMVCLAVWMSYSGRSLMDKAFIMVLPVAMFVASGFEHSIANMFMIPMGIVIRDFASPEFWTAVGSAPENFSHLTVMNFITDNLIPVTIGNIIGGGLLVGLTYWVIYLRENDHH
3KCV,A,Structure of formate channel,2009-12-01,3.2,TRANSPORT PROTEIN,310126.06,Protein,2850,"VAPOR DIFFUSION, HANGING DROP",291,7.5,3.04,59.59,"0.1M MOPS, pH 7.5, 36% (w/v) PEG 400, 200mM NaCl or sodium formate, VAPOR DIFFUSION, HANGING DROP, temperature 291K",MKADNPFDLLLPAAMAKVAEEAGVYKATKHPLKTFYLAITAGVFISIAFVFYITATTGTGTMPFGMAKLVGGICFSLGLILCVVCGADLFTSTVLIVVAKASGRITWGQLAKNWLNVYFGNLVGALLFVLLMWLSGEYMTANGQWGLNVLQTADHKVHHTFIEAVCLGILANLMVCLAVWMSYSGRSLMDKAFIMVLPVAMFVASGFEHSIANMFMIPMGIVIRDFASPEFWTAVGSAPENFSHLTVMNFITDNLIPVTIGNIIGGGLLVGLTYWVIYLRENDHH
3KCV,B,Structure of formate channel,2009-12-01,3.2,TRANSPORT PROTEIN,310126.06,Protein,2850,"VAPOR DIFFUSION, HANGING DROP",291,7.5,3.04,59.59,"0.1M MOPS, pH 7.5, 36% (w/v) PEG 400, 200mM NaCl or sodium formate, VAPOR DIFFUSION, HANGING DROP, temperature 291K",MKADNPFDLLLPAAMAKVAEEAGVYKATKHPLKTFYLAITAGVFISIAFVFYITATTGTGTMPFGMAKLVGGICFSLGLILCVVCGADLFTSTVLIVVAKASGRITWGQLAKNWLNVYFGNLVGALLFVLLMWLSGEYMTANGQWGLNVLQTADHKVHHTFIEAVCLGILANLMVCLAVWMSYSGRSLMDKAFIMVLPVAMFVASGFEHSIANMFMIPMGIVIRDFASPEFWTAVGSAPENFSHLTVMNFITDNLIPVTIGNIIGGGLLVGLTYWVIYLRENDHH
3KCV,C,Structure of formate channel,2009-12-01,3.2,TRANSPORT PROTEIN,310126.06,Protein,2850,"VAPOR DIFFUSION, HANGING DROP",291,7.5,3.04,59.59,"0.1M MOPS, pH 7.5, 36% (w/v) PEG 400, 200mM NaCl or sodium formate, VAPOR DIFFUSION, HANGING DROP, temperature 291K",MKADNPFDLLLPAAMAKVAEEAGVYKATKHPLKTFYLAITAGVFISIAFVFYITATTGTGTMPFGMAKLVGGICFSLGLILCVVCGADLFTSTVLIVVAKASGRITWGQLAKNWLNVYFGNLVGALLFVLLMWLSGEYMTANGQWGLNVLQTADHKVHHTFIEAVCLGILANLMVCLAVWMSYSGRSLMDKAFIMVLPVAMFVASGFEHSIANMFMIPMGIVIRDFASPEFWTAVGSAPENFSHLTVMNFITDNLIPVTIGNIIGGGLLVGLTYWVIYLRENDHH
3KCV,D,Structure of formate channel,2009-12-01,3.2,TRANSPORT PROTEIN,310126.06,Protein,2850,"VAPOR DIFFUSION, HANGING DROP",291,7.5,3.04,59.59,"0.1M MOPS, pH 7.5, 36% (w/v) PEG 400, 200mM NaCl or sodium formate, VAPOR DIFFUSION, HANGING DROP, temperature 291K",MKADNPFDLLLPAAMAKVAEEAGVYKATKHPLKTFYLAITAGVFISIAFVFYITATTGTGTMPFGMAKLVGGICFSLGLILCVVCGADLFTSTVLIVVAKASGRITWGQLAKNWLNVYFGNLVGALLFVLLMWLSGEYMTANGQWGLNVLQTADHKVHHTFIEAVCLGILANLMVCLAVWMSYSGRSLMDKAFIMVLPVAMFVASGFEHSIANMFMIPMGIVIRDFASPEFWTAVGSAPENFSHLTVMNFITDNLIPVTIGNIIGGGLLVGLTYWVIYLRENDHH
3KCV,E,Structure of formate channel,2009-12-01,3.2,TRANSPORT PROTEIN,310126.06,Protein,2850,"VAPOR DIFFUSION, HANGING DROP",291,7.5,3.04,59.59,"0.1M MOPS, pH 7.5, 36% (w/v) PEG 400, 200mM NaCl or sodium formate, VAPOR DIFFUSION, HANGING DROP, temperature 291K",MKADNPFDLLLPAAMAKVAEEAGVYKATKHPLKTFYLAITAGVFISIAFVFYITATTGTGTMPFGMAKLVGGICFSLGLILCVVCGADLFTSTVLIVVAKASGRITWGQLAKNWLNVYFGNLVGALLFVLLMWLSGEYMTANGQWGLNVLQTADHKVHHTFIEAVCLGILANLMVCLAVWMSYSGRSLMDKAFIMVLPVAMFVASGFEHSIANMFMIPMGIVIRDFASPEFWTAVGSAPENFSHLTVMNFITDNLIPVTIGNIIGGGLLVGLTYWVIYLRENDHH
3KCV,F,Structure of formate channel,2009-12-01,3.2,TRANSPORT PROTEIN,310126.06,Protein,2850,"VAPOR DIFFUSION, HANGING DROP",291,7.5,3.04,59.59,"0.1M MOPS, pH 7.5, 36% (w/v) PEG 400, 200mM NaCl or sodium formate, VAPOR DIFFUSION, HANGING DROP, temperature 291K",MKADNPFDLLLPAAMAKVAEEAGVYKATKHPLKTFYLAITAGVFISIAFVFYITATTGTGTMPFGMAKLVGGICFSLGLILCVVCGADLFTSTVLIVVAKASGRITWGQLAKNWLNVYFGNLVGALLFVLLMWLSGEYMTANGQWGLNVLQTADHKVHHTFIEAVCLGILANLMVCLAVWMSYSGRSLMDKAFIMVLPVAMFVASGFEHSIANMFMIPMGIVIRDFASPEFWTAVGSAPENFSHLTVMNFITDNLIPVTIGNIIGGGLLVGLTYWVIYLRENDHH
3KCV,G,Structure of formate channel,2009-12-01,3.2,TRANSPORT PROTEIN,310126.06,Protein,2850,"VAPOR DIFFUSION, HANGING DROP",291,7.5,3.04,59.59,"0.1M MOPS, pH 7.5, 36% (w/v) PEG 400, 200mM NaCl or sodium formate, VAPOR DIFFUSION, HANGING DROP, temperature 291K",MKADNPFDLLLPAAMAKVAEEAGVYKATKHPLKTFYLAITAGVFISIAFVFYITATTGTGTMPFGMAKLVGGICFSLGLILCVVCGADLFTSTVLIVVAKASGRITWGQLAKNWLNVYFGNLVGALLFVLLMWLSGEYMTANGQWGLNVLQTADHKVHHTFIEAVCLGILANLMVCLAVWMSYSGRSLMDKAFIMVLPVAMFVASGFEHSIANMFMIPMGIVIRDFASPEFWTAVGSAPENFSHLTVMNFITDNLIPVTIGNIIGGGLLVGLTYWVIYLRENDHH
3KCV,H,Structure of formate channel,2009-12-01,3.2,TRANSPORT PROTEIN,310126.06,Protein,2850,"VAPOR DIFFUSION, HANGING DROP",291,7.5,3.04,59.59,"0.1M MOPS, pH 7.5, 36% (w/v) PEG 400, 200mM NaCl or sodium formate, VAPOR DIFFUSION, HANGING DROP, temperature 291K",MKADNPFDLLLPAAMAKVAEEAGVYKATKHPLKTFYLAITAGVFISIAFVFYITATTGTGTMPFGMAKLVGGICFSLGLILCVVCGADLFTSTVLIVVAKASGRITWGQLAKNWLNVYFGNLVGALLFVLLMWLSGEYMTANGQWGLNVLQTADHKVHHTFIEAVCLGILANLMVCLAVWMSYSGRSLMDKAFIMVLPVAMFVASGFEHSIANMFMIPMGIVIRDFASPEFWTAVGSAPENFSHLTVMNFITDNLIPVTIGNIIGGGLLVGLTYWVIYLRENDHH
3KCV,I,Structure of formate channel,2009-12-01,3.2,TRANSPORT PROTEIN,310126.06,Protein,2850,"VAPOR DIFFUSION, HANGING DROP",291,7.5,3.04,59.59,"0.1M MOPS, pH 7.5, 36% (w/v) PEG 400, 200mM NaCl or sodium formate, VAPOR DIFFUSION, HANGING DROP, temperature 291K",MKADNPFDLLLPAAMAKVAEEAGVYKATKHPLKTFYLAITAGVFISIAFVFYITATTGTGTMPFGMAKLVGGICFSLGLILCVVCGADLFTSTVLIVVAKASGRITWGQLAKNWLNVYFGNLVGALLFVLLMWLSGEYMTANGQWGLNVLQTADHKVHHTFIEAVCLGILANLMVCLAVWMSYSGRSLMDKAFIMVLPVAMFVASGFEHSIANMFMIPMGIVIRDFASPEFWTAVGSAPENFSHLTVMNFITDNLIPVTIGNIIGGGLLVGLTYWVIYLRENDHH
3KCV,J,Structure of formate channel,2009-12-01,3.2,TRANSPORT PROTEIN,310126.06,Protein,2850,"VAPOR DIFFUSION, HANGING DROP",291,7.5,3.04,59.59,"0.1M MOPS, pH 7.5, 36% (w/v) PEG 400, 200mM NaCl or sodium formate, VAPOR DIFFUSION, HANGING DROP, temperature 291K",MKADNPFDLLLPAAMAKVAEEAGVYKATKHPLKTFYLAITAGVFISIAFVFYITATTGTGTMPFGMAKLVGGICFSLGLILCVVCGADLFTSTVLIVVAKASGRITWGQLAKNWLNVYFGNLVGALLFVLLMWLSGEYMTANGQWGLNVLQTADHKVHHTFIEAVCLGILANLMVCLAVWMSYSGRSLMDKAFIMVLPVAMFVASGFEHSIANMFMIPMGIVIRDFASPEFWTAVGSAPENFSHLTVMNFITDNLIPVTIGNIIGGGLLVGLTYWVIYLRENDHH
3LLQ,A,Aquaporin structure from plant pathogen Agrobacterium Tumerfaciens,2010-02-16,2.01,MEMBRANE PROTEIN,53607.77,Protein,512,"VAPOR DIFFUSION, HANGING DROP",295,8.5,3.21,61.67,"0.1 M Tris-HCl, pH 8.5, 35% PEG MME 2000, 1% beta-OG, VAPOR DIFFUSION, HANGING DROP, temperature 295K",MDYKDDDDKHHHHHHHHHHENLYFQSYVMGRKLLAEFFGTFWLVFGGCGSAVFAAAFPELGIGFTGVALAFGLTVLTMAYAVGGISGGHFNPAVSVGLTVAGRFPASSLVPYVIAQVAGAIVAAAALYVIATGKAGIDLGGFASNGYGEHSPGGYSLVSALLIEIILTAFFLIVILGSTHGRVPAGFAPIAIGLALTLIHLISIPVTNTSVNPARSTGQALFVGGWALQQLWLFWLAPIVGGAAGAVIWKLFGEKD
3LLQ,B,Aquaporin structure from plant pathogen Agrobacterium Tumerfaciens,2010-02-16,2.01,MEMBRANE PROTEIN,53607.77,Protein,512,"VAPOR DIFFUSION, HANGING DROP",295,8.5,3.21,61.67,"0.1 M Tris-HCl, pH 8.5, 35% PEG MME 2000, 1% beta-OG, VAPOR DIFFUSION, HANGING DROP, temperature 295K",MDYKDDDDKHHHHHHHHHHENLYFQSYVMGRKLLAEFFGTFWLVFGGCGSAVFAAAFPELGIGFTGVALAFGLTVLTMAYAVGGISGGHFNPAVSVGLTVAGRFPASSLVPYVIAQVAGAIVAAAALYVIATGKAGIDLGGFASNGYGEHSPGGYSLVSALLIEIILTAFFLIVILGSTHGRVPAGFAPIAIGLALTLIHLISIPVTNTSVNPARSTGQALFVGGWALQQLWLFWLAPIVGGAAGAVIWKLFGEKD
3M9I,A,Electron crystallographic structure of lens Aquaporin-0 (AQP0) (lens MIP) in E. coli polar lipids,2010-05-12,2.5,MEMBRANE PROTEIN,28750.9,Protein,220,MICRODIALYSIS,300,6,,,"100 mM NaCl, 50mM MgCl2, 10mM MES pH 6.0, MICRODIALYSIS, temperature 300K",ASFWRAIFAEFFATLFYVFFGLGASLRWAPGPLHVLQVALAFGLALATLVQAVGHISGAHVNPAVTFAFLVGSQMSLLRAICYVVAQLLGAVAGAAVLYSVTPPAVRGNLALNTLHPGVSVGQATIVEIFLTLQFVLCIFATYDERRNGRLGSVALAVGFSLTLGHLFGMYYTGAGMNPARSFAPAILTRNFTNHWVYWVGPVIGAGLGSLLYDFLLFPR
3NE2,A,Archaeoglobus fulgidus aquaporin,2010-09-22,3,TRANSPORT PROTEIN,204404.17,Protein,1968,,,,3.38,63.58,,MTMTLAKRFTAEVVGTFILVFFGPGAAVITLMIANGADKPNEFNIGIGALGGLGDWFAIGMAFALAIAAVIYSLGRISGAHINPAVTIALWSIGRFPGREVVPYIVAQFIGAALGSLLFLACVGPAAATVGGLGATAPFPGIGYGQAILTEAIGTFLLMLVIMGVAVDERAPPGFAGLVIGLTVGGIITTIGNITGSSLNPARTFGPYLGDSLMGINLWQYFPIYVIGPIVGAVAAAWLYNYLAKE
3NE2,B,Archaeoglobus fulgidus aquaporin,2010-09-22,3,TRANSPORT PROTEIN,204404.17,Protein,1968,,,,3.38,63.58,,MTMTLAKRFTAEVVGTFILVFFGPGAAVITLMIANGADKPNEFNIGIGALGGLGDWFAIGMAFALAIAAVIYSLGRISGAHINPAVTIALWSIGRFPGREVVPYIVAQFIGAALGSLLFLACVGPAAATVGGLGATAPFPGIGYGQAILTEAIGTFLLMLVIMGVAVDERAPPGFAGLVIGLTVGGIITTIGNITGSSLNPARTFGPYLGDSLMGINLWQYFPIYVIGPIVGAVAAAWLYNYLAKE
3NE2,C,Archaeoglobus fulgidus aquaporin,2010-09-22,3,TRANSPORT PROTEIN,204404.17,Protein,1968,,,,3.38,63.58,,MTMTLAKRFTAEVVGTFILVFFGPGAAVITLMIANGADKPNEFNIGIGALGGLGDWFAIGMAFALAIAAVIYSLGRISGAHINPAVTIALWSIGRFPGREVVPYIVAQFIGAALGSLLFLACVGPAAATVGGLGATAPFPGIGYGQAILTEAIGTFLLMLVIMGVAVDERAPPGFAGLVIGLTVGGIITTIGNITGSSLNPARTFGPYLGDSLMGINLWQYFPIYVIGPIVGAVAAAWLYNYLAKE
3NE2,D,Archaeoglobus fulgidus aquaporin,2010-09-22,3,TRANSPORT PROTEIN,204404.17,Protein,1968,,,,3.38,63.58,,MTMTLAKRFTAEVVGTFILVFFGPGAAVITLMIANGADKPNEFNIGIGALGGLGDWFAIGMAFALAIAAVIYSLGRISGAHINPAVTIALWSIGRFPGREVVPYIVAQFIGAALGSLLFLACVGPAAATVGGLGATAPFPGIGYGQAILTEAIGTFLLMLVIMGVAVDERAPPGFAGLVIGLTVGGIITTIGNITGSSLNPARTFGPYLGDSLMGINLWQYFPIYVIGPIVGAVAAAWLYNYLAKE
3NE2,E,Archaeoglobus fulgidus aquaporin,2010-09-22,3,TRANSPORT PROTEIN,204404.17,Protein,1968,,,,3.38,63.58,,MTMTLAKRFTAEVVGTFILVFFGPGAAVITLMIANGADKPNEFNIGIGALGGLGDWFAIGMAFALAIAAVIYSLGRISGAHINPAVTIALWSIGRFPGREVVPYIVAQFIGAALGSLLFLACVGPAAATVGGLGATAPFPGIGYGQAILTEAIGTFLLMLVIMGVAVDERAPPGFAGLVIGLTVGGIITTIGNITGSSLNPARTFGPYLGDSLMGINLWQYFPIYVIGPIVGAVAAAWLYNYLAKE
3NE2,F,Archaeoglobus fulgidus aquaporin,2010-09-22,3,TRANSPORT PROTEIN,204404.17,Protein,1968,,,,3.38,63.58,,MTMTLAKRFTAEVVGTFILVFFGPGAAVITLMIANGADKPNEFNIGIGALGGLGDWFAIGMAFALAIAAVIYSLGRISGAHINPAVTIALWSIGRFPGREVVPYIVAQFIGAALGSLLFLACVGPAAATVGGLGATAPFPGIGYGQAILTEAIGTFLLMLVIMGVAVDERAPPGFAGLVIGLTVGGIITTIGNITGSSLNPARTFGPYLGDSLMGINLWQYFPIYVIGPIVGAVAAAWLYNYLAKE
3NE2,G,Archaeoglobus fulgidus aquaporin,2010-09-22,3,TRANSPORT PROTEIN,204404.17,Protein,1968,,,,3.38,63.58,,MTMTLAKRFTAEVVGTFILVFFGPGAAVITLMIANGADKPNEFNIGIGALGGLGDWFAIGMAFALAIAAVIYSLGRISGAHINPAVTIALWSIGRFPGREVVPYIVAQFIGAALGSLLFLACVGPAAATVGGLGATAPFPGIGYGQAILTEAIGTFLLMLVIMGVAVDERAPPGFAGLVIGLTVGGIITTIGNITGSSLNPARTFGPYLGDSLMGINLWQYFPIYVIGPIVGAVAAAWLYNYLAKE
3NE2,H,Archaeoglobus fulgidus aquaporin,2010-09-22,3,TRANSPORT PROTEIN,204404.17,Protein,1968,,,,3.38,63.58,,MTMTLAKRFTAEVVGTFILVFFGPGAAVITLMIANGADKPNEFNIGIGALGGLGDWFAIGMAFALAIAAVIYSLGRISGAHINPAVTIALWSIGRFPGREVVPYIVAQFIGAALGSLLFLACVGPAAATVGGLGATAPFPGIGYGQAILTEAIGTFLLMLVIMGVAVDERAPPGFAGLVIGLTVGGIITTIGNITGSSLNPARTFGPYLGDSLMGINLWQYFPIYVIGPIVGAVAAAWLYNYLAKE
3NK5,A,Crystal structure of AqpZ mutant F43W,2010-08-11,2.4,TRANSPORT PROTEIN,49159.41,Protein,468,"VAPOR DIFFUSION, HANGING DROP",298,6.5,3.51,64.93,"25-30% PEG2000,100mM sodium cacodylate, 50-100mM MgCl2, pH 6.5, VAPOR DIFFUSION, HANGING DROP, temperature 298K",ASHMFRKLAAECFGTFWLVFGGCGSAVLAAGFPALGIGFAGVALAWGLTVLTMAFAVGHISGGHFNPAVTIGLWAGGRFPAKEVVGYVIAQVVGGIVAAALLYLIASGKTGFDAAASGFASNGYGEHSPGGYSMLSALVVELVLSAGFLLVIHGATDKFAPAGFAPIAIGLALTLIHLISIPVTNTSVNPARSTAVAIFQGGWALEQLWFFWVVPIVGGIIGGLIYRTLLEKRD
3NK5,B,Crystal structure of AqpZ mutant F43W,2010-08-11,2.4,TRANSPORT PROTEIN,49159.41,Protein,468,"VAPOR DIFFUSION, HANGING DROP",298,6.5,3.51,64.93,"25-30% PEG2000,100mM sodium cacodylate, 50-100mM MgCl2, pH 6.5, VAPOR DIFFUSION, HANGING DROP, temperature 298K",ASHMFRKLAAECFGTFWLVFGGCGSAVLAAGFPALGIGFAGVALAWGLTVLTMAFAVGHISGGHFNPAVTIGLWAGGRFPAKEVVGYVIAQVVGGIVAAALLYLIASGKTGFDAAASGFASNGYGEHSPGGYSMLSALVVELVLSAGFLLVIHGATDKFAPAGFAPIAIGLALTLIHLISIPVTNTSVNPARSTAVAIFQGGWALEQLWFFWVVPIVGGIIGGLIYRTLLEKRD
3NKA,A,"Crystal structure of AqpZ H174G,T183F",2010-11-03,2.5,TRANSPORT PROTEIN,49403.64,Protein,468,"VAPOR DIFFUSION, HANGING DROP",298,6.5,3.54,65.27,"25-30% PEG 2000  100 mM sodium cacodylate  50-100 mM MgCl2, pH 6.5, VAPOR DIFFUSION, HANGING DROP, temperature 298K",ASHMFRKLAAECFGTFWLVFGGCGSAVLAAGFPELGIGFAGVALAFGLTVLTMAFAVGHISGGHFNPAVTIGLWAGGRFPAKEVVGYVIAQVVGGIVAAALLYLIASGKTGFDAAASGFASNGYGEHSPGGYSMLSALVVELVLSAGFLLVIHGATDKFAPAGFAPIAIGLALTLIGLISIPVTNFSVNPARSTAVAIFQGGWALEQLWFFWVVPIVGGIIGGLIYRTLLEKRD
3NKA,B,"Crystal structure of AqpZ H174G,T183F",2010-11-03,2.5,TRANSPORT PROTEIN,49403.64,Protein,468,"VAPOR DIFFUSION, HANGING DROP",298,6.5,3.54,65.27,"25-30% PEG 2000  100 mM sodium cacodylate  50-100 mM MgCl2, pH 6.5, VAPOR DIFFUSION, HANGING DROP, temperature 298K",ASHMFRKLAAECFGTFWLVFGGCGSAVLAAGFPELGIGFAGVALAFGLTVLTMAFAVGHISGGHFNPAVTIGLWAGGRFPAKEVVGYVIAQVVGGIVAAALLYLIASGKTGFDAAASGFASNGYGEHSPGGYSMLSALVVELVLSAGFLLVIHGATDKFAPAGFAPIAIGLALTLIGLISIPVTNFSVNPARSTAVAIFQGGWALEQLWFFWVVPIVGGIIGGLIYRTLLEKRD
3NKC,A,"Crystal structure of AqpZ F43W,H174G,T183F",2010-11-03,3.1,TRANSPORT PROTEIN,48913.06,Protein,468,"VAPOR DIFFUSION, HANGING DROP",298,6.5,3.57,65.54,"25-30% PEG 2000  100 mM sodium cacodylate  50-100 mM MgCl2, pH 6.5, VAPOR DIFFUSION, HANGING DROP, temperature 298K",ASHMFRKLAAECFGTFWLVFGGCGSAVLAAGFPELGIGFAGVALAWGLTVLTMAFAVGHISGGHFNPAVTIGLWAGGRFPAKEVVGYVIAQVVGGIVAAALLYLIASGKTGFDAAASGFASNGYGEHSPGGYSMLSALVVELVLSAGFLLVIHGATDKFAPAGFAPIAIGLALTLIGLISIPVTNFSVNPARSTAVAIFQGGWALEQLWFFWVVPIVGGIIGGLIYRTLLEKRD
3NKC,B,"Crystal structure of AqpZ F43W,H174G,T183F",2010-11-03,3.1,TRANSPORT PROTEIN,48913.06,Protein,468,"VAPOR DIFFUSION, HANGING DROP",298,6.5,3.57,65.54,"25-30% PEG 2000  100 mM sodium cacodylate  50-100 mM MgCl2, pH 6.5, VAPOR DIFFUSION, HANGING DROP, temperature 298K",ASHMFRKLAAECFGTFWLVFGGCGSAVLAAGFPELGIGFAGVALAWGLTVLTMAFAVGHISGGHFNPAVTIGLWAGGRFPAKEVVGYVIAQVVGGIVAAALLYLIASGKTGFDAAASGFASNGYGEHSPGGYSMLSALVVELVLSAGFLLVIHGATDKFAPAGFAPIAIGLALTLIGLISIPVTNFSVNPARSTAVAIFQGGWALEQLWFFWVVPIVGGIIGGLIYRTLLEKRD
3ZOJ,A,High-resolution structure of Pichia Pastoris aquaporin Aqy1 at 0.88 A,2013-06-26,0.88,MEMBRANE PROTEIN,30915.9,Protein,279,,,8,2.77,55.6,"26% PEG600, 100 MM TRIS (PH=8.0), 200 MM CACL2",MPDIENQAADGQAEIKPEDAPYITNAYKPAYARWGFGSDSVRNHFIAMSGEFVGTFLFLWSAFVIAQIANQAPETPDGGSNPAQLIMISFGFGFGVMVGVFITYRVSGGNLNPAVTLALVLARAIPPFRGILMAFTQIVAGMAAAGAASAMTPGEIAFANALGGGASRTRGLFLEAFGTAILCLTVLMLAVEKHRATWFAPFVIGIALLIAHLICIYYTGAGLNPARSFGPAVAARSFPNYHWIYWLGPILGAFLAYSIWQMWKWLNYQTTNPGQDSDA
4CSK,A,human Aquaporin,2014-12-24,3.28,TRANSPORT PROTEIN,31165.7,Protein,292,,,9,2.79,55.99,pH 9,MGHHHHHHSSGVDLGTENLYFQSMASEFKKKLFWRAVVAEFLATTLFVFISIGSALGFKYPVGNNQTAVQDNVKVSLAFGLSIATLAQSVGHISGAHLNPAVTLGLLLSCQISIFRALMYIIAQCVGAIVATAILSGITSSLTGNSLGRNDLADGVNSGQGLGIEIIGTLQLVLCVLATTDRRRRDLGGSAPLAIGLSVALGHLLAIDYTGCGINPARSFGSAVITHNFSNHWIFWVGPFIGGALAVLIYDFILAPRSSDLTDRVKVWTSGQVEEYDLDADDINSRVEMKPK
4IA4,A,Structure of the spinach aquaporin SoPIP2;1 at pH 6,2013-05-29,3.1,TRANSPORT PROTEIN,122126.34,Protein,1124,"VAPOR DIFFUSION, HANGING DROP",278,6,2.58,52.32,"22% PEG400, 0.1M NaCitrate, 0.05M NaCl, 0.02M MgCl2, pH 6.0, VAPOR DIFFUSION, HANGING DROP, temperature 278K",MSKEVSEEAQAHQHGKDYVDPPPAPFFDLGELKLWSFWRAAIAEFIATLLFLYITVATVIGHSKETVVCGSVGLLGIAWAFGGMIFVLVYCTAGISGGHINPAVTFGLFLARKVSLLRALVYMIAQCLGAICGVGLVKAFMKGPYNQFGGGANSVALGYNKGTALGAEIIGTFVLVYTVFSATDPKRSARDSHVPILAPLPIGFAVFMVHLATIPITGTGINPARSFGAAVIFNSNKVWDDQWIFWVGPFIGAAVAAAYHQYVLRAAAIKALGSFRSNPTN
4IA4,B,Structure of the spinach aquaporin SoPIP2;1 at pH 6,2013-05-29,3.1,TRANSPORT PROTEIN,122126.34,Protein,1124,"VAPOR DIFFUSION, HANGING DROP",278,6,2.58,52.32,"22% PEG400, 0.1M NaCitrate, 0.05M NaCl, 0.02M MgCl2, pH 6.0, VAPOR DIFFUSION, HANGING DROP, temperature 278K",MSKEVSEEAQAHQHGKDYVDPPPAPFFDLGELKLWSFWRAAIAEFIATLLFLYITVATVIGHSKETVVCGSVGLLGIAWAFGGMIFVLVYCTAGISGGHINPAVTFGLFLARKVSLLRALVYMIAQCLGAICGVGLVKAFMKGPYNQFGGGANSVALGYNKGTALGAEIIGTFVLVYTVFSATDPKRSARDSHVPILAPLPIGFAVFMVHLATIPITGTGINPARSFGAAVIFNSNKVWDDQWIFWVGPFIGAAVAAAYHQYVLRAAAIKALGSFRSNPTN
4IA4,C,Structure of the spinach aquaporin SoPIP2;1 at pH 6,2013-05-29,3.1,TRANSPORT PROTEIN,122126.34,Protein,1124,"VAPOR DIFFUSION, HANGING DROP",278,6,2.58,52.32,"22% PEG400, 0.1M NaCitrate, 0.05M NaCl, 0.02M MgCl2, pH 6.0, VAPOR DIFFUSION, HANGING DROP, temperature 278K",MSKEVSEEAQAHQHGKDYVDPPPAPFFDLGELKLWSFWRAAIAEFIATLLFLYITVATVIGHSKETVVCGSVGLLGIAWAFGGMIFVLVYCTAGISGGHINPAVTFGLFLARKVSLLRALVYMIAQCLGAICGVGLVKAFMKGPYNQFGGGANSVALGYNKGTALGAEIIGTFVLVYTVFSATDPKRSARDSHVPILAPLPIGFAVFMVHLATIPITGTGINPARSFGAAVIFNSNKVWDDQWIFWVGPFIGAAVAAAYHQYVLRAAAIKALGSFRSNPTN
4IA4,D,Structure of the spinach aquaporin SoPIP2;1 at pH 6,2013-05-29,3.1,TRANSPORT PROTEIN,122126.34,Protein,1124,"VAPOR DIFFUSION, HANGING DROP",278,6,2.58,52.32,"22% PEG400, 0.1M NaCitrate, 0.05M NaCl, 0.02M MgCl2, pH 6.0, VAPOR DIFFUSION, HANGING DROP, temperature 278K",MSKEVSEEAQAHQHGKDYVDPPPAPFFDLGELKLWSFWRAAIAEFIATLLFLYITVATVIGHSKETVVCGSVGLLGIAWAFGGMIFVLVYCTAGISGGHINPAVTFGLFLARKVSLLRALVYMIAQCLGAICGVGLVKAFMKGPYNQFGGGANSVALGYNKGTALGAEIIGTFVLVYTVFSATDPKRSARDSHVPILAPLPIGFAVFMVHLATIPITGTGINPARSFGAAVIFNSNKVWDDQWIFWVGPFIGAAVAAAYHQYVLRAAAIKALGSFRSNPTN
4JC6,A,Mercury activation of the plant aquaporin SoPIP2;1 - structural and functional characterization,2013-09-11,2.15,TRANSPORT PROTEIN,251569.17,Protein,2248,"VAPOR DIFFUSION, HANGING DROP",280,7,3.42,63.99,"The protein was incubated with 5mM HgCl2, and excess HgCl2 was washed away. Crystallisation condition was  26% PEG400, 25mM Tris pH 7.0, 100mM NaCl. The precipitant solution was mixed with 1/5 0.1M CdCl2. Protein and precipitant solution was mixed in 1:1 ratio , VAPOR DIFFUSION, HANGING DROP, temperature 280K",MSKEVSEEAQAHQHGKDYVDPPPAPFFDLGELKLWSFWRAAIAEFIATLLFLYITVATVIGHSKETVVCGSVGLLGIAWAFGGMIFVLVYCTAGISGGHINPAVTFGLFLARKVSLLRALVYMIAQCLGAICGVGLVKAFMKGPYNQFGGGANSVALGYNKGTALGAEIIGTFVLVYTVFSATDPKRSARDSHVPILAPLPIGFAVFMVHLATIPITGTGINPARSFGAAVIFNSNKVWDDQWIFWVGPFIGAAVAAAYHQYVLRAAAIKALGSFRSNPTN
4JC6,B,Mercury activation of the plant aquaporin SoPIP2;1 - structural and functional characterization,2013-09-11,2.15,TRANSPORT PROTEIN,251569.17,Protein,2248,"VAPOR DIFFUSION, HANGING DROP",280,7,3.42,63.99,"The protein was incubated with 5mM HgCl2, and excess HgCl2 was washed away. Crystallisation condition was  26% PEG400, 25mM Tris pH 7.0, 100mM NaCl. The precipitant solution was mixed with 1/5 0.1M CdCl2. Protein and precipitant solution was mixed in 1:1 ratio , VAPOR DIFFUSION, HANGING DROP, temperature 280K",MSKEVSEEAQAHQHGKDYVDPPPAPFFDLGELKLWSFWRAAIAEFIATLLFLYITVATVIGHSKETVVCGSVGLLGIAWAFGGMIFVLVYCTAGISGGHINPAVTFGLFLARKVSLLRALVYMIAQCLGAICGVGLVKAFMKGPYNQFGGGANSVALGYNKGTALGAEIIGTFVLVYTVFSATDPKRSARDSHVPILAPLPIGFAVFMVHLATIPITGTGINPARSFGAAVIFNSNKVWDDQWIFWVGPFIGAAVAAAYHQYVLRAAAIKALGSFRSNPTN
4JC6,C,Mercury activation of the plant aquaporin SoPIP2;1 - structural and functional characterization,2013-09-11,2.15,TRANSPORT PROTEIN,251569.17,Protein,2248,"VAPOR DIFFUSION, HANGING DROP",280,7,3.42,63.99,"The protein was incubated with 5mM HgCl2, and excess HgCl2 was washed away. Crystallisation condition was  26% PEG400, 25mM Tris pH 7.0, 100mM NaCl. The precipitant solution was mixed with 1/5 0.1M CdCl2. Protein and precipitant solution was mixed in 1:1 ratio , VAPOR DIFFUSION, HANGING DROP, temperature 280K",MSKEVSEEAQAHQHGKDYVDPPPAPFFDLGELKLWSFWRAAIAEFIATLLFLYITVATVIGHSKETVVCGSVGLLGIAWAFGGMIFVLVYCTAGISGGHINPAVTFGLFLARKVSLLRALVYMIAQCLGAICGVGLVKAFMKGPYNQFGGGANSVALGYNKGTALGAEIIGTFVLVYTVFSATDPKRSARDSHVPILAPLPIGFAVFMVHLATIPITGTGINPARSFGAAVIFNSNKVWDDQWIFWVGPFIGAAVAAAYHQYVLRAAAIKALGSFRSNPTN
4JC6,D,Mercury activation of the plant aquaporin SoPIP2;1 - structural and functional characterization,2013-09-11,2.15,TRANSPORT PROTEIN,251569.17,Protein,2248,"VAPOR DIFFUSION, HANGING DROP",280,7,3.42,63.99,"The protein was incubated with 5mM HgCl2, and excess HgCl2 was washed away. Crystallisation condition was  26% PEG400, 25mM Tris pH 7.0, 100mM NaCl. The precipitant solution was mixed with 1/5 0.1M CdCl2. Protein and precipitant solution was mixed in 1:1 ratio , VAPOR DIFFUSION, HANGING DROP, temperature 280K",MSKEVSEEAQAHQHGKDYVDPPPAPFFDLGELKLWSFWRAAIAEFIATLLFLYITVATVIGHSKETVVCGSVGLLGIAWAFGGMIFVLVYCTAGISGGHINPAVTFGLFLARKVSLLRALVYMIAQCLGAICGVGLVKAFMKGPYNQFGGGANSVALGYNKGTALGAEIIGTFVLVYTVFSATDPKRSARDSHVPILAPLPIGFAVFMVHLATIPITGTGINPARSFGAAVIFNSNKVWDDQWIFWVGPFIGAAVAAAYHQYVLRAAAIKALGSFRSNPTN
4JC6,H,Mercury activation of the plant aquaporin SoPIP2;1 - structural and functional characterization,2013-09-11,2.15,TRANSPORT PROTEIN,251569.17,Protein,2248,"VAPOR DIFFUSION, HANGING DROP",280,7,3.42,63.99,"The protein was incubated with 5mM HgCl2, and excess HgCl2 was washed away. Crystallisation condition was  26% PEG400, 25mM Tris pH 7.0, 100mM NaCl. The precipitant solution was mixed with 1/5 0.1M CdCl2. Protein and precipitant solution was mixed in 1:1 ratio , VAPOR DIFFUSION, HANGING DROP, temperature 280K",MSKEVSEEAQAHQHGKDYVDPPPAPFFDLGELKLWSFWRAAIAEFIATLLFLYITVATVIGHSKETVVCGSVGLLGIAWAFGGMIFVLVYCTAGISGGHINPAVTFGLFLARKVSLLRALVYMIAQCLGAICGVGLVKAFMKGPYNQFGGGANSVALGYNKGTALGAEIIGTFVLVYTVFSATDPKRSARDSHVPILAPLPIGFAVFMVHLATIPITGTGINPARSFGAAVIFNSNKVWDDQWIFWVGPFIGAAVAAAYHQYVLRAAAIKALGSFRSNPTN
4JC6,J,Mercury activation of the plant aquaporin SoPIP2;1 - structural and functional characterization,2013-09-11,2.15,TRANSPORT PROTEIN,251569.17,Protein,2248,"VAPOR DIFFUSION, HANGING DROP",280,7,3.42,63.99,"The protein was incubated with 5mM HgCl2, and excess HgCl2 was washed away. Crystallisation condition was  26% PEG400, 25mM Tris pH 7.0, 100mM NaCl. The precipitant solution was mixed with 1/5 0.1M CdCl2. Protein and precipitant solution was mixed in 1:1 ratio , VAPOR DIFFUSION, HANGING DROP, temperature 280K",MSKEVSEEAQAHQHGKDYVDPPPAPFFDLGELKLWSFWRAAIAEFIATLLFLYITVATVIGHSKETVVCGSVGLLGIAWAFGGMIFVLVYCTAGISGGHINPAVTFGLFLARKVSLLRALVYMIAQCLGAICGVGLVKAFMKGPYNQFGGGANSVALGYNKGTALGAEIIGTFVLVYTVFSATDPKRSARDSHVPILAPLPIGFAVFMVHLATIPITGTGINPARSFGAAVIFNSNKVWDDQWIFWVGPFIGAAVAAAYHQYVLRAAAIKALGSFRSNPTN
4JC6,L,Mercury activation of the plant aquaporin SoPIP2;1 - structural and functional characterization,2013-09-11,2.15,TRANSPORT PROTEIN,251569.17,Protein,2248,"VAPOR DIFFUSION, HANGING DROP",280,7,3.42,63.99,"The protein was incubated with 5mM HgCl2, and excess HgCl2 was washed away. Crystallisation condition was  26% PEG400, 25mM Tris pH 7.0, 100mM NaCl. The precipitant solution was mixed with 1/5 0.1M CdCl2. Protein and precipitant solution was mixed in 1:1 ratio , VAPOR DIFFUSION, HANGING DROP, temperature 280K",MSKEVSEEAQAHQHGKDYVDPPPAPFFDLGELKLWSFWRAAIAEFIATLLFLYITVATVIGHSKETVVCGSVGLLGIAWAFGGMIFVLVYCTAGISGGHINPAVTFGLFLARKVSLLRALVYMIAQCLGAICGVGLVKAFMKGPYNQFGGGANSVALGYNKGTALGAEIIGTFVLVYTVFSATDPKRSARDSHVPILAPLPIGFAVFMVHLATIPITGTGINPARSFGAAVIFNSNKVWDDQWIFWVGPFIGAAVAAAYHQYVLRAAAIKALGSFRSNPTN
4JC6,N,Mercury activation of the plant aquaporin SoPIP2;1 - structural and functional characterization,2013-09-11,2.15,TRANSPORT PROTEIN,251569.17,Protein,2248,"VAPOR DIFFUSION, HANGING DROP",280,7,3.42,63.99,"The protein was incubated with 5mM HgCl2, and excess HgCl2 was washed away. Crystallisation condition was  26% PEG400, 25mM Tris pH 7.0, 100mM NaCl. The precipitant solution was mixed with 1/5 0.1M CdCl2. Protein and precipitant solution was mixed in 1:1 ratio , VAPOR DIFFUSION, HANGING DROP, temperature 280K",MSKEVSEEAQAHQHGKDYVDPPPAPFFDLGELKLWSFWRAAIAEFIATLLFLYITVATVIGHSKETVVCGSVGLLGIAWAFGGMIFVLVYCTAGISGGHINPAVTFGLFLARKVSLLRALVYMIAQCLGAICGVGLVKAFMKGPYNQFGGGANSVALGYNKGTALGAEIIGTFVLVYTVFSATDPKRSARDSHVPILAPLPIGFAVFMVHLATIPITGTGINPARSFGAAVIFNSNKVWDDQWIFWVGPFIGAAVAAAYHQYVLRAAAIKALGSFRSNPTN
4NEF,A,X-ray structure of human Aquaporin 2,2014-04-16,2.75,MEMBRANE PROTEIN,101235.58,Protein,968,,277,8,3.18,61.32,"22% PEG400, 0.1M Tris, 0.1M NaCl, 0.15M MgCl2. 0.1M CdCl2, pH 8, VAPOR DIFFUSION, HANGING DROP, temperature 277K",GSELRSIAFSRAVFAEFLATLLFVFFGLGSALNWPQALPSVLQIAMAFGLGIGTLVQALGHISGAHINPAVTVACLVGCHVSVLRAAFYVAAQLLGAVAGAALLHEITPADIRGDLAVNALSNSTTAGQAVTVELFLTLQLVLCIFASTDERRGENPGTPALSIGFSVALGHLLGIHYTGCSMNPARSLAPAVVTGKFDDHWVFWIGPLVGAILGSLLYNYVLFPPAKSLSERLAVLKGLEP
4NEF,B,X-ray structure of human Aquaporin 2,2014-04-16,2.75,MEMBRANE PROTEIN,101235.58,Protein,968,,277,8,3.18,61.32,"22% PEG400, 0.1M Tris, 0.1M NaCl, 0.15M MgCl2. 0.1M CdCl2, pH 8, VAPOR DIFFUSION, HANGING DROP, temperature 277K",GSELRSIAFSRAVFAEFLATLLFVFFGLGSALNWPQALPSVLQIAMAFGLGIGTLVQALGHISGAHINPAVTVACLVGCHVSVLRAAFYVAAQLLGAVAGAALLHEITPADIRGDLAVNALSNSTTAGQAVTVELFLTLQLVLCIFASTDERRGENPGTPALSIGFSVALGHLLGIHYTGCSMNPARSLAPAVVTGKFDDHWVFWIGPLVGAILGSLLYNYVLFPPAKSLSERLAVLKGLEP
4NEF,C,X-ray structure of human Aquaporin 2,2014-04-16,2.75,MEMBRANE PROTEIN,101235.58,Protein,968,,277,8,3.18,61.32,"22% PEG400, 0.1M Tris, 0.1M NaCl, 0.15M MgCl2. 0.1M CdCl2, pH 8, VAPOR DIFFUSION, HANGING DROP, temperature 277K",GSELRSIAFSRAVFAEFLATLLFVFFGLGSALNWPQALPSVLQIAMAFGLGIGTLVQALGHISGAHINPAVTVACLVGCHVSVLRAAFYVAAQLLGAVAGAALLHEITPADIRGDLAVNALSNSTTAGQAVTVELFLTLQLVLCIFASTDERRGENPGTPALSIGFSVALGHLLGIHYTGCSMNPARSLAPAVVTGKFDDHWVFWIGPLVGAILGSLLYNYVLFPPAKSLSERLAVLKGLEP
4NEF,D,X-ray structure of human Aquaporin 2,2014-04-16,2.75,MEMBRANE PROTEIN,101235.58,Protein,968,,277,8,3.18,61.32,"22% PEG400, 0.1M Tris, 0.1M NaCl, 0.15M MgCl2. 0.1M CdCl2, pH 8, VAPOR DIFFUSION, HANGING DROP, temperature 277K",GSELRSIAFSRAVFAEFLATLLFVFFGLGSALNWPQALPSVLQIAMAFGLGIGTLVQALGHISGAHINPAVTVACLVGCHVSVLRAAFYVAAQLLGAVAGAALLHEITPADIRGDLAVNALSNSTTAGQAVTVELFLTLQLVLCIFASTDERRGENPGTPALSIGFSVALGHLLGIHYTGCSMNPARSLAPAVVTGKFDDHWVFWIGPLVGAILGSLLYNYVLFPPAKSLSERLAVLKGLEP
4OJ2,X,The structure of aquaporin,2014-05-07,3.05,TRANSPORT PROTEIN,29170.74,Protein,274,"VAPOR DIFFUSION, SITTING DROP",298,7,3.1,60.37,"30% PEG 400, 0.1M sodium chloride, 0.1M MOPS, pH 7.0, VAPOR DIFFUSION, SITTING DROP, temperature 298.0K",SHVMWELRSIAFSRAVFAEFLATLLFVFFGLGSALNWPQALPSVLQIAMAFGLGIGTLVQALGHISGAHINPAVTVACLVGCHVSVLRAAFYVAAQLLGAVAGAALLHEITPADIRGDLAVNALSNSTTAGQAVTVELFLTLQLVLCIFASTDERRGENPGTPALSIGFSVALGHLLGIHYTGCSMNPARSLAPAVVTGKFDDHWVFWIGPLVGAILGSLLYNYVLFPPAKSLSERLAVLKGLEPDTDWEEREVRRRQAVELHSPQSLPRGTKA
5BN2,A,Room Temperature Structure of Pichia pastoris aquaporin at 1.3 A,2016-06-29,1.3,TRANSPORT PROTEIN,30335.79,Protein,279,"VAPOR DIFFUSION, HANGING DROP",293,8,2.9,57.59,"26% PEG600, 100 MM TRIS (PH=8.0), 200 MM CACL2",MPDIENQAADGQAEIKPEDAPYITNAYKPAYARWGFGSDSVRNHFIAMSGEFVGTFLFLWSAFVIAQIANQAPETPDGGSNPAQLIMISFGFGFGVMVGVFITYRVSGGNLNPAVTLALVLARAIPPFRGILMAFTQIVAGMAAAGAASAMTPGEIAFANALGGGASRTRGLFLEAFGTAILCLTVLMLAVEKHRATWFAPFVIGIALLIAHLICIYYTGAGLNPARSFGPAVAARSFPNYHWIYWLGPILGAFLAYSIWQMWKWLNYQTTNPGQDSDA
5C5X,A,CRYSTAL STRUCTURE OF THE S156E MUTANT OF HUMAN AQUAPORIN 5,2015-12-02,2.6,TRANSPORT PROTEIN,207193.69,Protein,1960,"VAPOR DIFFUSION, HANGING DROP",281,7.9,3.87,68.25,"RESERVOIR SOLUTION (100MM TRIS-HCL  PH7.9, 100MM NACL, 21% PEG400) MIXED WITH EACH OF 1,6-HEXANEDIOL  (30%, V/V) AND 1,3-PROPANEDIOL (40%, V/V) AND MIXED WITH THE  TEMPERATURE 281K",MKKEVCSVAFLKAVFAEFLATLIFVFFGLGSALKWPSALPTILQIALAFGLAIGTLAQALGPVSGGHINPAITLALLVGNQISLLRAFFYVAAQLVGAIAGAGILYGVAPLNARGNLAVNALNNNTTQGQAMVVELILTFQLALCIFASTDSRRTEPVGSPALSIGLSVTLGHLVGIYFTGCSMNPARSFGPAVVMNRFSPAHWVFWVGPIVGAVLAAILYFYLLFPNSLSLSERVAIIKGTYEP
5C5X,B,CRYSTAL STRUCTURE OF THE S156E MUTANT OF HUMAN AQUAPORIN 5,2015-12-02,2.6,TRANSPORT PROTEIN,207193.69,Protein,1960,"VAPOR DIFFUSION, HANGING DROP",281,7.9,3.87,68.25,"RESERVOIR SOLUTION (100MM TRIS-HCL  PH7.9, 100MM NACL, 21% PEG400) MIXED WITH EACH OF 1,6-HEXANEDIOL  (30%, V/V) AND 1,3-PROPANEDIOL (40%, V/V) AND MIXED WITH THE  TEMPERATURE 281K",MKKEVCSVAFLKAVFAEFLATLIFVFFGLGSALKWPSALPTILQIALAFGLAIGTLAQALGPVSGGHINPAITLALLVGNQISLLRAFFYVAAQLVGAIAGAGILYGVAPLNARGNLAVNALNNNTTQGQAMVVELILTFQLALCIFASTDSRRTEPVGSPALSIGLSVTLGHLVGIYFTGCSMNPARSFGPAVVMNRFSPAHWVFWVGPIVGAVLAAILYFYLLFPNSLSLSERVAIIKGTYEP
5C5X,C,CRYSTAL STRUCTURE OF THE S156E MUTANT OF HUMAN AQUAPORIN 5,2015-12-02,2.6,TRANSPORT PROTEIN,207193.69,Protein,1960,"VAPOR DIFFUSION, HANGING DROP",281,7.9,3.87,68.25,"RESERVOIR SOLUTION (100MM TRIS-HCL  PH7.9, 100MM NACL, 21% PEG400) MIXED WITH EACH OF 1,6-HEXANEDIOL  (30%, V/V) AND 1,3-PROPANEDIOL (40%, V/V) AND MIXED WITH THE  TEMPERATURE 281K",MKKEVCSVAFLKAVFAEFLATLIFVFFGLGSALKWPSALPTILQIALAFGLAIGTLAQALGPVSGGHINPAITLALLVGNQISLLRAFFYVAAQLVGAIAGAGILYGVAPLNARGNLAVNALNNNTTQGQAMVVELILTFQLALCIFASTDSRRTEPVGSPALSIGLSVTLGHLVGIYFTGCSMNPARSFGPAVVMNRFSPAHWVFWVGPIVGAVLAAILYFYLLFPNSLSLSERVAIIKGTYEP
5C5X,D,CRYSTAL STRUCTURE OF THE S156E MUTANT OF HUMAN AQUAPORIN 5,2015-12-02,2.6,TRANSPORT PROTEIN,207193.69,Protein,1960,"VAPOR DIFFUSION, HANGING DROP",281,7.9,3.87,68.25,"RESERVOIR SOLUTION (100MM TRIS-HCL  PH7.9, 100MM NACL, 21% PEG400) MIXED WITH EACH OF 1,6-HEXANEDIOL  (30%, V/V) AND 1,3-PROPANEDIOL (40%, V/V) AND MIXED WITH THE  TEMPERATURE 281K",MKKEVCSVAFLKAVFAEFLATLIFVFFGLGSALKWPSALPTILQIALAFGLAIGTLAQALGPVSGGHINPAITLALLVGNQISLLRAFFYVAAQLVGAIAGAGILYGVAPLNARGNLAVNALNNNTTQGQAMVVELILTFQLALCIFASTDSRRTEPVGSPALSIGLSVTLGHLVGIYFTGCSMNPARSFGPAVVMNRFSPAHWVFWVGPIVGAVLAAILYFYLLFPNSLSLSERVAIIKGTYEP
5C5X,E,CRYSTAL STRUCTURE OF THE S156E MUTANT OF HUMAN AQUAPORIN 5,2015-12-02,2.6,TRANSPORT PROTEIN,207193.69,Protein,1960,"VAPOR DIFFUSION, HANGING DROP",281,7.9,3.87,68.25,"RESERVOIR SOLUTION (100MM TRIS-HCL  PH7.9, 100MM NACL, 21% PEG400) MIXED WITH EACH OF 1,6-HEXANEDIOL  (30%, V/V) AND 1,3-PROPANEDIOL (40%, V/V) AND MIXED WITH THE  TEMPERATURE 281K",MKKEVCSVAFLKAVFAEFLATLIFVFFGLGSALKWPSALPTILQIALAFGLAIGTLAQALGPVSGGHINPAITLALLVGNQISLLRAFFYVAAQLVGAIAGAGILYGVAPLNARGNLAVNALNNNTTQGQAMVVELILTFQLALCIFASTDSRRTEPVGSPALSIGLSVTLGHLVGIYFTGCSMNPARSFGPAVVMNRFSPAHWVFWVGPIVGAVLAAILYFYLLFPNSLSLSERVAIIKGTYEP
5C5X,F,CRYSTAL STRUCTURE OF THE S156E MUTANT OF HUMAN AQUAPORIN 5,2015-12-02,2.6,TRANSPORT PROTEIN,207193.69,Protein,1960,"VAPOR DIFFUSION, HANGING DROP",281,7.9,3.87,68.25,"RESERVOIR SOLUTION (100MM TRIS-HCL  PH7.9, 100MM NACL, 21% PEG400) MIXED WITH EACH OF 1,6-HEXANEDIOL  (30%, V/V) AND 1,3-PROPANEDIOL (40%, V/V) AND MIXED WITH THE  TEMPERATURE 281K",MKKEVCSVAFLKAVFAEFLATLIFVFFGLGSALKWPSALPTILQIALAFGLAIGTLAQALGPVSGGHINPAITLALLVGNQISLLRAFFYVAAQLVGAIAGAGILYGVAPLNARGNLAVNALNNNTTQGQAMVVELILTFQLALCIFASTDSRRTEPVGSPALSIGLSVTLGHLVGIYFTGCSMNPARSFGPAVVMNRFSPAHWVFWVGPIVGAVLAAILYFYLLFPNSLSLSERVAIIKGTYEP
5C5X,G,CRYSTAL STRUCTURE OF THE S156E MUTANT OF HUMAN AQUAPORIN 5,2015-12-02,2.6,TRANSPORT PROTEIN,207193.69,Protein,1960,"VAPOR DIFFUSION, HANGING DROP",281,7.9,3.87,68.25,"RESERVOIR SOLUTION (100MM TRIS-HCL  PH7.9, 100MM NACL, 21% PEG400) MIXED WITH EACH OF 1,6-HEXANEDIOL  (30%, V/V) AND 1,3-PROPANEDIOL (40%, V/V) AND MIXED WITH THE  TEMPERATURE 281K",MKKEVCSVAFLKAVFAEFLATLIFVFFGLGSALKWPSALPTILQIALAFGLAIGTLAQALGPVSGGHINPAITLALLVGNQISLLRAFFYVAAQLVGAIAGAGILYGVAPLNARGNLAVNALNNNTTQGQAMVVELILTFQLALCIFASTDSRRTEPVGSPALSIGLSVTLGHLVGIYFTGCSMNPARSFGPAVVMNRFSPAHWVFWVGPIVGAVLAAILYFYLLFPNSLSLSERVAIIKGTYEP
5C5X,H,CRYSTAL STRUCTURE OF THE S156E MUTANT OF HUMAN AQUAPORIN 5,2015-12-02,2.6,TRANSPORT PROTEIN,207193.69,Protein,1960,"VAPOR DIFFUSION, HANGING DROP",281,7.9,3.87,68.25,"RESERVOIR SOLUTION (100MM TRIS-HCL  PH7.9, 100MM NACL, 21% PEG400) MIXED WITH EACH OF 1,6-HEXANEDIOL  (30%, V/V) AND 1,3-PROPANEDIOL (40%, V/V) AND MIXED WITH THE  TEMPERATURE 281K",MKKEVCSVAFLKAVFAEFLATLIFVFFGLGSALKWPSALPTILQIALAFGLAIGTLAQALGPVSGGHINPAITLALLVGNQISLLRAFFYVAAQLVGAIAGAGILYGVAPLNARGNLAVNALNNNTTQGQAMVVELILTFQLALCIFASTDSRRTEPVGSPALSIGLSVTLGHLVGIYFTGCSMNPARSFGPAVVMNRFSPAHWVFWVGPIVGAVLAAILYFYLLFPNSLSLSERVAIIKGTYEP
5DYE,A,CRYSTAL STRUCTURE OF THE FULL LENGTH S156E MUTANT OF HUMAN AQUAPORIN 5,2015-12-02,3.5,TRANSPORT PROTEIN,113984.06,Protein,1060,"VAPOR DIFFUSION, HANGING DROP",281,7.9,3.9,68.45,"21% PEG 400, 0.1M Tris pH 7.9, 0.1 M NaCl, 3% 1,6 hexanediol and 4% 1,3-propanediol as additive to the drop only",MKKEVCSVAFLKAVFAEFLATLIFVFFGLGSALKWPSALPTILQIALAFGLAIGTLAQALGPVSGGHINPAITLALLVGNQISLLRAFFYVAAQLVGAIAGAGILYGVAPLNARGNLAVNALNNNTTQGQAMVVELILTFQLALCIFASTDSRRTEPVGSPALSIGLSVTLGHLVGIYFTGCSMNPARSFGPAVVMNRFSPAHWVFWVGPIVGAVLAAILYFYLLFPNSLSLSERVAIIKGTYEPDEDWEEQREERKKTMELTTR
5DYE,B,CRYSTAL STRUCTURE OF THE FULL LENGTH S156E MUTANT OF HUMAN AQUAPORIN 5,2015-12-02,3.5,TRANSPORT PROTEIN,113984.06,Protein,1060,"VAPOR DIFFUSION, HANGING DROP",281,7.9,3.9,68.45,"21% PEG 400, 0.1M Tris pH 7.9, 0.1 M NaCl, 3% 1,6 hexanediol and 4% 1,3-propanediol as additive to the drop only",MKKEVCSVAFLKAVFAEFLATLIFVFFGLGSALKWPSALPTILQIALAFGLAIGTLAQALGPVSGGHINPAITLALLVGNQISLLRAFFYVAAQLVGAIAGAGILYGVAPLNARGNLAVNALNNNTTQGQAMVVELILTFQLALCIFASTDSRRTEPVGSPALSIGLSVTLGHLVGIYFTGCSMNPARSFGPAVVMNRFSPAHWVFWVGPIVGAVLAAILYFYLLFPNSLSLSERVAIIKGTYEPDEDWEEQREERKKTMELTTR
5DYE,C,CRYSTAL STRUCTURE OF THE FULL LENGTH S156E MUTANT OF HUMAN AQUAPORIN 5,2015-12-02,3.5,TRANSPORT PROTEIN,113984.06,Protein,1060,"VAPOR DIFFUSION, HANGING DROP",281,7.9,3.9,68.45,"21% PEG 400, 0.1M Tris pH 7.9, 0.1 M NaCl, 3% 1,6 hexanediol and 4% 1,3-propanediol as additive to the drop only",MKKEVCSVAFLKAVFAEFLATLIFVFFGLGSALKWPSALPTILQIALAFGLAIGTLAQALGPVSGGHINPAITLALLVGNQISLLRAFFYVAAQLVGAIAGAGILYGVAPLNARGNLAVNALNNNTTQGQAMVVELILTFQLALCIFASTDSRRTEPVGSPALSIGLSVTLGHLVGIYFTGCSMNPARSFGPAVVMNRFSPAHWVFWVGPIVGAVLAAILYFYLLFPNSLSLSERVAIIKGTYEPDEDWEEQREERKKTMELTTR
5DYE,D,CRYSTAL STRUCTURE OF THE FULL LENGTH S156E MUTANT OF HUMAN AQUAPORIN 5,2015-12-02,3.5,TRANSPORT PROTEIN,113984.06,Protein,1060,"VAPOR DIFFUSION, HANGING DROP",281,7.9,3.9,68.45,"21% PEG 400, 0.1M Tris pH 7.9, 0.1 M NaCl, 3% 1,6 hexanediol and 4% 1,3-propanediol as additive to the drop only",MKKEVCSVAFLKAVFAEFLATLIFVFFGLGSALKWPSALPTILQIALAFGLAIGTLAQALGPVSGGHINPAITLALLVGNQISLLRAFFYVAAQLVGAIAGAGILYGVAPLNARGNLAVNALNNNTTQGQAMVVELILTFQLALCIFASTDSRRTEPVGSPALSIGLSVTLGHLVGIYFTGCSMNPARSFGPAVVMNRFSPAHWVFWVGPIVGAVLAAILYFYLLFPNSLSLSERVAIIKGTYEPDEDWEEQREERKKTMELTTR
5I32,A,Ammonia permeable aquaporin AtTIP2;1,2016-04-06,1.18,MEMBRANE PROTEIN,28043.02,Protein,275,"VAPOR DIFFUSION, HANGING DROP",295,5,3.46,64.49,50 mM magnesium/sodium acetate pH 5.0 and 28% (v/v) PEG 400,MSHHHHHHHHHHDSNGIPTENLYFQGAGVAFGSFDDSFSLASLRAYLAEFISTLLFVFAGVGSAIAYAKLTSDAALDTPGLVAIAVCHGFALFVAVAIGANISGGHVNPAVTFGLAVGGQITVITGVFYWIAQLLGSTAACFLLKYVTGGLAVPTHSVAAGLGSIEGVVMEIIITFALVYTVYATAADPKKGSLGTIAPLAIGLIVGANILAAGPFSGGSMNPARSFGPAVAAGDFSGHWVYWVGPLIGGGLAGLIYGNVFMGSSEHVPLASADF
6F7H,A,Crystal structure of human AQP10,2018-11-21,2.3,TRANSPORT PROTEIN,132587.14,Protein,1204,"VAPOR DIFFUSION, HANGING DROP",291,6,3.09,60.2,100 mM MES-monohydrate-NaOH pH 6.0 19% PEG 2k MME  5% glycerol,MVFTQAPAEIMGHLRIRSLLARQCLAEFLGVFVLMLLTQGAVAQAVTSGETKGNFFTMFLAGSLAVTIAIYVGGNVSGAHLNPAFSLAMCIVGRLPWVKLPIYILVQLLSAFCASGATYVLYHDALQNYTGGNLTVTGPKETASIFATYPAPYLSLNNGFLDQVLGTGMLIVGLLAILDRRNKGVPAGLEPVVVGMLILALGLSMGANCGIPLNPARDLGPRLFTYVAGWGPEVFSAGNGWWWVPVVAPLVGATVGTATYQLLVALHHPEGPEPAQDLVSAQHKASELETPASAQMLECKL
6F7H,B,Crystal structure of human AQP10,2018-11-21,2.3,TRANSPORT PROTEIN,132587.14,Protein,1204,"VAPOR DIFFUSION, HANGING DROP",291,6,3.09,60.2,100 mM MES-monohydrate-NaOH pH 6.0 19% PEG 2k MME  5% glycerol,MVFTQAPAEIMGHLRIRSLLARQCLAEFLGVFVLMLLTQGAVAQAVTSGETKGNFFTMFLAGSLAVTIAIYVGGNVSGAHLNPAFSLAMCIVGRLPWVKLPIYILVQLLSAFCASGATYVLYHDALQNYTGGNLTVTGPKETASIFATYPAPYLSLNNGFLDQVLGTGMLIVGLLAILDRRNKGVPAGLEPVVVGMLILALGLSMGANCGIPLNPARDLGPRLFTYVAGWGPEVFSAGNGWWWVPVVAPLVGATVGTATYQLLVALHHPEGPEPAQDLVSAQHKASELETPASAQMLECKL
6F7H,C,Crystal structure of human AQP10,2018-11-21,2.3,TRANSPORT PROTEIN,132587.14,Protein,1204,"VAPOR DIFFUSION, HANGING DROP",291,6,3.09,60.2,100 mM MES-monohydrate-NaOH pH 6.0 19% PEG 2k MME  5% glycerol,MVFTQAPAEIMGHLRIRSLLARQCLAEFLGVFVLMLLTQGAVAQAVTSGETKGNFFTMFLAGSLAVTIAIYVGGNVSGAHLNPAFSLAMCIVGRLPWVKLPIYILVQLLSAFCASGATYVLYHDALQNYTGGNLTVTGPKETASIFATYPAPYLSLNNGFLDQVLGTGMLIVGLLAILDRRNKGVPAGLEPVVVGMLILALGLSMGANCGIPLNPARDLGPRLFTYVAGWGPEVFSAGNGWWWVPVVAPLVGATVGTATYQLLVALHHPEGPEPAQDLVSAQHKASELETPASAQMLECKL
6F7H,D,Crystal structure of human AQP10,2018-11-21,2.3,TRANSPORT PROTEIN,132587.14,Protein,1204,"VAPOR DIFFUSION, HANGING DROP",291,6,3.09,60.2,100 mM MES-monohydrate-NaOH pH 6.0 19% PEG 2k MME  5% glycerol,MVFTQAPAEIMGHLRIRSLLARQCLAEFLGVFVLMLLTQGAVAQAVTSGETKGNFFTMFLAGSLAVTIAIYVGGNVSGAHLNPAFSLAMCIVGRLPWVKLPIYILVQLLSAFCASGATYVLYHDALQNYTGGNLTVTGPKETASIFATYPAPYLSLNNGFLDQVLGTGMLIVGLLAILDRRNKGVPAGLEPVVVGMLILALGLSMGANCGIPLNPARDLGPRLFTYVAGWGPEVFSAGNGWWWVPVVAPLVGATVGTATYQLLVALHHPEGPEPAQDLVSAQHKASELETPASAQMLECKL